<bpy>
  <Theme>
    <user_interface>
      <ThemeUserInterface
        menu_shadow_fac="0.35"
        menu_shadow_width="12"
        icon_alpha="1"
        icon_saturation="1"
        widget_emboss="#00000000"
        editor_outline="#202020"
        widget_text_cursor="#cccccc"
        panel_roundness="0.25"
        transparent_checker_primary="#333333"
        transparent_checker_secondary="#262626"
        transparent_checker_size="6"
        axis_x="#ff4040"
        axis_y="#00ff00"
        axis_z="#6666ff"
        gizmo_hi="#ffffff"
        gizmo_primary="#f3ef4c"
        gizmo_secondary="#63ffff"
        gizmo_view_align="#ffffff"
        gizmo_a="#4da84d"
        gizmo_b="#a33535"
        icon_scene="#e6e6e6ff"
        icon_collection="#e6e6e6ff"
        icon_object="#e6e6e6ff"
        icon_object_data="#e6e6e6ff"
        icon_modifier="#e6e6e6ff"
        icon_shading="#e6e6e6ff"
        icon_folder="#e3c16eff"
        icon_border_intensity="0"
        >
        <wcol_regular>
          <ThemeWidgetColors
            outline="#4d4d4dff"
            inner="#4d4d4dff"
            inner_sel="#337fccff"
            item="#262626ff"
            text="#bfbfbf"
            text_sel="#ffffff"
            show_shaded="FALSE"
            shadetop="0"
            shadedown="0"
            roundness="0.25"
            >
          </ThemeWidgetColors>
        </wcol_regular>
        <wcol_tool>
          <ThemeWidgetColors
            outline="#4d4d4dff"
            inner="#4d4d4dff"
            inner_sel="#337fccff"
            item="#ffffffff"
            text="#bfbfbf"
            text_sel="#ffffff"
            show_shaded="FALSE"
            shadetop="5"
            shadedown="0"
            roundness="0.25"
            >
          </ThemeWidgetColors>
        </wcol_tool>
        <wcol_toolbar_item>
          <ThemeWidgetColors
            outline="#3b3b3bff"
            inner="#3b3b3bff"
            inner_sel="#337fccff"
            item="#ffffffff"
            text="#bfbfbf"
            text_sel="#ffffff"
            show_shaded="FALSE"
            shadetop="0"
            shadedown="0"
            roundness="0.25"
            >
          </ThemeWidgetColors>
        </wcol_toolbar_item>
        <wcol_radio>
          <ThemeWidgetColors
            outline="#4d4d4dff"
            inner="#4d4d4dff"
            inner_sel="#337fccff"
            item="#ffffffff"
            text="#bfbfbf"
            text_sel="#ffffff"
            show_shaded="FALSE"
            shadetop="5"
            shadedown="0"
            roundness="0.25"
            >
          </ThemeWidgetColors>
        </wcol_radio>
        <wcol_text>
          <ThemeWidgetColors
            outline="#4d4d4dff"
            inner="#4d4d4dff"
            inner_sel="#337fccff"
            item="#262626ff"
            text="#bfbfbf"
            text_sel="#ffffff"
            show_shaded="FALSE"
            shadetop="5"
            shadedown="0"
            roundness="0.25"
            >
          </ThemeWidgetColors>
        </wcol_text>
        <wcol_option>
          <ThemeWidgetColors
            outline="#393939ff"
            inner="#262626ff"
            inner_sel="#337fccff"
            item="#e6e6e600"
            text="#d9d9d9"
            text_sel="#d9d9d9"
            show_shaded="FALSE"
            shadetop="0"
            shadedown="0"
            roundness="1"
            >
          </ThemeWidgetColors>
        </wcol_option>
        <wcol_toggle>
          <ThemeWidgetColors
            outline="#4d4d4dff"
            inner="#4d4d4dff"
            inner_sel="#337fccff"
            item="#e6e6e600"
            text="#bfbfbf"
            text_sel="#ffffff"
            show_shaded="FALSE"
            shadetop="5"
            shadedown="0"
            roundness="0.25"
            >
          </ThemeWidgetColors>
        </wcol_toggle>
        <wcol_num>
          <ThemeWidgetColors
            outline="#4d4d4dff"
            inner="#4d4d4dff"
            inner_sel="#337fccff"
            item="#333333ff"
            text="#bfbfbf"
            text_sel="#ffffff"
            show_shaded="FALSE"
            shadetop="5"
            shadedown="0"
            roundness="0.25"
            >
          </ThemeWidgetColors>
        </wcol_num>
        <wcol_numslider>
          <ThemeWidgetColors
            outline="#4d4d4dff"
            inner="#4d4d4dff"
            inner_sel="#337fccff"
            item="#333333ff"
            text="#bfbfbf"
            text_sel="#ffffff"
            show_shaded="FALSE"
            shadetop="-10"
            shadedown="0"
            roundness="0.25"
            >
          </ThemeWidgetColors>
        </wcol_numslider>
        <wcol_box>
          <ThemeWidgetColors
            outline="#333333ff"
            inner="#2e2e2eff"
            inner_sel="#337fccff"
            item="#ffffffff"
            text="#f2f2f2"
            text_sel="#ffffff"
            show_shaded="FALSE"
            shadetop="0"
            shadedown="-7"
            roundness="0.25"
            >
          </ThemeWidgetColors>
        </wcol_box>
        <wcol_menu>
          <ThemeWidgetColors
            outline="#4d4d4dff"
            inner="#4d4d4dff"
            inner_sel="#337fccff"
            item="#bfbfbfff"
            text="#bfbfbf"
            text_sel="#ffffff"
            show_shaded="FALSE"
            shadetop="5"
            shadedown="5"
            roundness="0.25"
            >
          </ThemeWidgetColors>
        </wcol_menu>
        <wcol_pulldown>
          <ThemeWidgetColors
            outline="#383838ff"
            inner="#4d4d4dff"
            inner_sel="#337fccff"
            item="#ffffffff"
            text="#bfbfbf"
            text_sel="#ffffff"
            show_shaded="FALSE"
            shadetop="25"
            shadedown="0"
            roundness="0.25"
            >
          </ThemeWidgetColors>
        </wcol_pulldown>
        <wcol_menu_back>
          <ThemeWidgetColors
            outline="#333333ff"
            inner="#333333f9"
            inner_sel="#337fccff"
            item="#262626ff"
            text="#bfbfbf"
            text_sel="#ffffff"
            show_shaded="FALSE"
            shadetop="25"
            shadedown="-20"
            roundness="0.25"
            >
          </ThemeWidgetColors>
        </wcol_menu_back>
        <wcol_pie_menu>
          <ThemeWidgetColors
            outline="#1a1a1aff"
            inner="#1a1a1aff"
            inner_sel="#337fccff"
            item="#337fccff"
            text="#bfbfbf"
            text_sel="#ffffff"
            show_shaded="FALSE"
            shadetop="10"
            shadedown="-10"
            roundness="0.25"
            >
          </ThemeWidgetColors>
        </wcol_pie_menu>
        <wcol_tooltip>
          <ThemeWidgetColors
            outline="#0d0d0dff"
            inner="#0d0d0dff"
            inner_sel="#337fccff"
            item="#646464ff"
            text="#ffffff"
            text_sel="#ffffff"
            show_shaded="FALSE"
            shadetop="25"
            shadedown="-20"
            roundness="0.25"
            >
          </ThemeWidgetColors>
        </wcol_tooltip>
        <wcol_menu_item>
          <ThemeWidgetColors
            outline="#26262600"
            inner="#26262600"
            inner_sel="#337fccff"
            item="#ffffffff"
            text="#bfbfbf"
            text_sel="#ffffff"
            show_shaded="FALSE"
            shadetop="0"
            shadedown="20"
            roundness="0.25"
            >
          </ThemeWidgetColors>
        </wcol_menu_item>
        <wcol_scroll>
          <ThemeWidgetColors
            outline="#383838ff"
            inner="#383838ff"
            inner_sel="#337fccff"
            item="#262626ff"
            text="#999999"
            text_sel="#b0b0b0"
            show_shaded="FALSE"
            shadetop="0"
            shadedown="0"
            roundness="1"
            >
          </ThemeWidgetColors>
        </wcol_scroll>
        <wcol_progress>
          <ThemeWidgetColors
            outline="#262626ff"
            inner="#1a1a1aff"
            inner_sel="#262626ff"
            item="#337fccff"
            text="#ffffff"
            text_sel="#ffffff"
            show_shaded="FALSE"
            shadetop="0"
            shadedown="0"
            roundness="0.25"
            >
          </ThemeWidgetColors>
        </wcol_progress>
        <wcol_list_item>
          <ThemeWidgetColors
            outline="#323232ff"
            inner="#36363600"
            inner_sel="#337fccff"
            item="#323232ff"
            text="#999999"
            text_sel="#ffffff"
            show_shaded="FALSE"
            shadetop="0"
            shadedown="-10"
            roundness="0.25"
            >
          </ThemeWidgetColors>
        </wcol_list_item>
        <wcol_state>
          <ThemeWidgetStateColors
            inner_anim="#4d664d"
            inner_anim_sel="#4d664d"
            inner_key="#008000"
            inner_key_sel="#008000"
            inner_driven="#f500ff"
            inner_driven_sel="#f500ff"
            inner_overridden="#19c3c3"
            inner_overridden_sel="#19c3c3"
            inner_changed="#cc7529"
            inner_changed_sel="#e6852d"
            blend="0.8"
            >
          </ThemeWidgetStateColors>
        </wcol_state>
        <wcol_tab>
          <ThemeWidgetColors
            outline="#262626ff"
            inner="#262626ff"
            inner_sel="#404040ff"
            item="#404040ff"
            text="#bfbfbf"
            text_sel="#ffffff"
            show_shaded="FALSE"
            shadetop="0"
            shadedown="0"
            roundness="0.25"
            >
          </ThemeWidgetColors>
        </wcol_tab>
      </ThemeUserInterface>
    </user_interface>
    <view_3d>
      <ThemeView3D
        grid="#0d0d0d80"
        clipping_border_3d="#313131ff"
        wire="#666666"
        wire_edit="#000000"
        edge_width="1"
        gp_vertex="#000000"
        gp_vertex_select="#ff8500"
        gp_vertex_size="3"
        text_grease_pencil="#b5e61d"
        object_selected="#00d9ff"
        object_active="#00ff2f"
        text_keyframe="#ddd700"
        camera="#0d0d0d"
        empty="#0d0d0d"
        light="#0d0d0d40"
        speaker="#0d0d0d"
        vertex="#000000"
        vertex_select="#40cfff"
        vertex_active="#000000"
        vertex_size="3"
        vertex_bevel="#008dff"
        vertex_unreferenced="#000000"
        edge_select="#40cfff"
        edge_mode_select="#00edff"
        edge_seam="#ff9203"
        edge_sharp="#2edae2"
        edge_crease="#c622bf"
        edge_bevel="#13abff"
        edge_facesel="#515151"
        freestyle_edge_mark="#ffd74f"
        face="#40404080"
        face_select="#0075ff33"
        face_mode_select="#0094ff80"
        face_dot="#00b5ff"
        facedot_size="3"
        freestyle_face_mark="#ff8a0433"
        face_retopology="#50c8ff1e"
        face_back="#ff000080"
        face_front="#0000ff80"
        nurb_uline="#7b807e"
        nurb_vline="#fff8f4"
        nurb_sel_uline="#00bdff"
        nurb_sel_vline="#f0deeb"
        act_spline="#666666"
        handle_free="#949600"
        handle_auto="#008a0e"
        handle_vect="#466384"
        handle_sel_vect="#00bdff"
        handle_align="#848484"
        handle_sel_free="#00bdff"
        handle_sel_auto="#00bdff"
        handle_sel_align="#00bdff"
        lastsel_point="#00ff12"
        extra_edge_len="#fff3fa"
        extra_edge_angle="#fff200"
        extra_face_angle="#009aff"
        extra_face_area="#000000"
        editmesh_active="#00ff2fff"
        normal="#22dddd"
        vertex_normal="#225dd4"
        split_normal="#dd23dd"
        bone_pose="#00b8ff"
        bone_pose_active="#00ff2f"
        bone_solid="#bab5bc"
        bone_locked_weight="#ff000080"
        bundle_solid="#dadada"
        camera_path="#7b807e"
        camera_passepartout="#000000"
        skin_root="#000000"
        view_overlay="#000000"
        transform="#ffffff"
        frame_current="#60c040"
        paint_curve_handle="#7fff7f7f"
        paint_curve_pivot="#ff7f7f7f"
        outline_width="3"
        object_origin_size="6"
        >
        <space>
          <ThemeSpaceGradient
            title="#000000"
            text="#e4e4e4"
            text_hi="#bfbfbf"
            header="#4d4d4dff"
            header_text="#e4e4e4"
            header_text_hi="#ffffff"
            button="#40404000"
            button_title="#c7c7c7"
            button_text="#b4b4b4"
            button_text_hi="#b4b4b4"
            navigation_bar="#262626ff"
            execution_buts="#26262600"
            tab_active="#4d4d4d"
            tab_inactive="#262626"
            tab_back="#262626ff"
            tab_outline="#262626ff"
            >
            <gradients>
              <ThemeGradientColors
                background_type="LINEAR"
                high_gradient="#4d4d4d"
                gradient="#202020"
                >
              </ThemeGradientColors>
            </gradients>
            <panelcolors>
              <ThemePanelColors
                header="#4d4d4dff"
                back="#404040f2"
                sub_back="#393939f2"
                >
              </ThemePanelColors>
            </panelcolors>
          </ThemeSpaceGradient>
        </space>
        <asset_shelf>
          <ThemeAssetShelf
            header_back="#1d1d1dff"
            back="#303030ff"
            >
          </ThemeAssetShelf>
        </asset_shelf>
      </ThemeView3D>
    </view_3d>
    <graph_editor>
      <ThemeGraphEditor
        grid="#2b2b2b"
        frame_current="#337fcc"
        time_scrub_background="#292929e6"
        time_marker_line="#00000060"
        time_marker_line_selected="#ffffff60"
        window_sliders="#808080"
        channels_region="#262626"
        dopesheet_channel="#404040"
        dopesheet_subchannel="#393939"
        channel_group="#333333"
        active_channels_group="#337fcc"
        preview_range="#00000080"
        vertex="#000000"
        vertex_select="#00bdff"
        vertex_active="#ffffff"
        vertex_size="8"
        vertex_bevel="#000000"
        vertex_unreferenced="#404040"
        handle_free="#000000"
        handle_auto="#8d8e90"
        handle_vect="#7e7e7e"
        handle_sel_vect="#19acff"
        handle_align="#b6b5b6"
        handle_sel_free="#19acff"
        handle_sel_auto="#fdfffc"
        handle_sel_align="#19acff"
        handle_auto_clamped="#7e7e7e"
        handle_sel_auto_clamped="#19acff"
        lastsel_point="#f2f0ff"
        handle_vertex="#808080"
        handle_vertex_select="#ffffff"
        handle_vertex_size="4"
        >
        <space>
          <ThemeSpaceGeneric
            back="#333333"
            title="#ffffff"
            text="#a6a6a6"
            text_hi="#fcfcfc"
            header="#4d4d4dff"
            header_text="#ffffff"
            header_text_hi="#bababa"
            button="#404040ff"
            button_title="#c7c7c7"
            button_text="#b4b4b4"
            button_text_hi="#b4b4b4"
            navigation_bar="#131313ff"
            execution_buts="#00000000"
            tab_active="#4b4b4b"
            tab_inactive="#2b2b2b"
            tab_back="#2b2b2bff"
            tab_outline="#2b2b2bff"
            >
            <panelcolors>
              <ThemePanelColors
                header="#404040ff"
                back="#383838ff"
                sub_back="#333333ff"
                >
              </ThemePanelColors>
            </panelcolors>
          </ThemeSpaceGeneric>
        </space>
        <space_list>
          <ThemeSpaceListGeneric
            list="#404040"
            list_title="#bfbfbf"
            list_text="#b3b3b3"
            list_text_hi="#ffffff"
            >
          </ThemeSpaceListGeneric>
        </space_list>
      </ThemeGraphEditor>
    </graph_editor>
    <file_browser>
      <ThemeFileBrowser
        selected_file="#337fcc"
        row_alternate="#ffffff06"
        >
        <space>
          <ThemeSpaceGeneric
            back="#333333"
            title="#e4e4e4"
            text="#ffffff"
            text_hi="#ffffff"
            header="#4d4d4dff"
            header_text="#cacaca"
            header_text_hi="#ffffff"
            button="#404040ff"
            button_title="#cacaca"
            button_text="#e4e4e4"
            button_text_hi="#e4e4e4"
            navigation_bar="#262626ff"
            execution_buts="#444444ff"
            tab_active="#4b4b4b"
            tab_inactive="#2b2b2b"
            tab_back="#232323ff"
            tab_outline="#232323ff"
            >
            <panelcolors>
              <ThemePanelColors
                header="#404040ff"
                back="#383838ff"
                sub_back="#333333ff"
                >
              </ThemePanelColors>
            </panelcolors>
          </ThemeSpaceGeneric>
        </space>
      </ThemeFileBrowser>
    </file_browser>
    <nla_editor>
      <ThemeNLAEditor
        grid="#292929"
        view_sliders="#000000"
        dopesheet_channel="#404040"
        nla_track="#2d2d2d"
        active_action="#00991d40"
        active_action_unset="#33333300"
        preview_range="#26262680"
        strips="#202020"
        strips_selected="#00bbff"
        transition_strips="#314553"
        transition_strips_selected="#00bbff"
        meta_strips="#503a64"
        meta_strips_selected="#00bbff"
        sound_strips="#33442f"
        sound_strips_selected="#00bbff"
        tweak="#00991d"
        tweak_duplicate="#d90000"
        keyframe_border="#000000ff"
        keyframe_border_selected="#00bbffff"
        frame_current="#337fcc"
        time_scrub_background="#292929e6"
        time_marker_line="#00000060"
        time_marker_line_selected="#ffffff60"
        >
        <space>
          <ThemeSpaceGeneric
            back="#333333"
            title="#ffffff"
            text="#cccccc"
            text_hi="#ffffff"
            header="#4d4d4dff"
            header_text="#ffffff"
            header_text_hi="#ffffff"
            button="#404040ff"
            button_title="#bfbfbf"
            button_text="#b4b4b4"
            button_text_hi="#b4b4b4"
            navigation_bar="#202020ff"
            execution_buts="#202020ff"
            tab_active="#4b4b4b"
            tab_inactive="#2b2b2b"
            tab_back="#2b2b2bff"
            tab_outline="#2b2b2bff"
            >
            <panelcolors>
              <ThemePanelColors
                header="#40404000"
                back="#383838ff"
                sub_back="#333333ff"
                >
              </ThemePanelColors>
            </panelcolors>
          </ThemeSpaceGeneric>
        </space>
        <space_list>
          <ThemeSpaceListGeneric
            list="#404040"
            list_title="#cccccc"
            list_text="#bfbfbf"
            list_text_hi="#ffffff"
            >
          </ThemeSpaceListGeneric>
        </space_list>
      </ThemeNLAEditor>
    </nla_editor>
    <dopesheet_editor>
      <ThemeDopeSheet
        grid="#2b2b2b"
        frame_current="#337fcc"
        time_scrub_background="#292929e6"
        time_marker_line="#00000040"
        time_marker_line_selected="#ffffff33"
        value_sliders="#000000"
        view_sliders="#000000"
        dopesheet_channel="#404040bf"
        dopesheet_subchannel="#393939bf"
        channels="#262626bf"
        channels_selected="#337fcc80"
        channel_group="#333333bf"
        active_channels_group="#337fcc80"
        long_key="#00000040"
        long_key_selected="#00bdff40"
        keyframe="#808080"
        keyframe_selected="#00bdff"
        keyframe_extreme="#808080"
        keyframe_extreme_selected="#00bdff"
        keyframe_breakdown="#808080"
        keyframe_breakdown_selected="#00bdff"
        keyframe_jitter="#808080"
        keyframe_jitter_selected="#00bdff"
        keyframe_movehold="#808080"
        keyframe_movehold_selected="#00bdff"
        keyframe_border="#00000080"
        keyframe_border_selected="#00bdffff"
        keyframe_scale_factor="1"
        summary="#59595900"
        preview_range="#26262680"
        interpolation_line="#bfbfbf40"
        simulated_frames="#721e65ff"
        >
        <space>
          <ThemeSpaceGeneric
            back="#333333"
            title="#ffffff"
            text="#a6a6a6"
            text_hi="#ffffff"
            header="#4d4d4dff"
            header_text="#ffffff"
            header_text_hi="#b7b7b7"
            button="#404040ff"
            button_title="#c7c7c7"
            button_text="#cccccc"
            button_text_hi="#cccccc"
            navigation_bar="#131313ff"
            execution_buts="#00000000"
            tab_active="#4b4b4b"
            tab_inactive="#2b2b2b"
            tab_back="#2b2b2bff"
            tab_outline="#2b2b2bff"
            >
            <panelcolors>
              <ThemePanelColors
                header="#404040ff"
                back="#383838ff"
                sub_back="#333333ff"
                >
              </ThemePanelColors>
            </panelcolors>
          </ThemeSpaceGeneric>
        </space>
        <space_list>
          <ThemeSpaceListGeneric
            list="#404040"
            list_title="#e6e6e6"
            list_text="#b3b3b3"
            list_text_hi="#ffffff"
            >
          </ThemeSpaceListGeneric>
        </space_list>
      </ThemeDopeSheet>
    </dopesheet_editor>
    <image_editor>
      <ThemeImageEditor
        grid="#505050ff"
        vertex="#0d0d0d"
        vertex_select="#00abe6"
        vertex_active="#00ff2f"
        vertex_size="3"
        vertex_bevel="#008dff"
        vertex_unreferenced="#000000"
        face="#80808080"
        face_select="#0094ffa9"
        face_dot="#00c0ff"
        facedot_size="2"
        freestyle_face_mark="#ff8a0433"
        face_retopology="#50c8ff1e"
        face_back="#ff000080"
        face_front="#0000ff80"
        editmesh_active="#00ff2fbf"
        wire_edit="#333333"
        edge_width="1"
        edge_select="#40cfff"
        scope_back="#0000004c"
        preview_stitch_face="#1242b026"
        preview_stitch_edge="#ff8500b2"
        preview_stitch_vert="#ff85007f"
        preview_stitch_stitchable="#00ff00ff"
        preview_stitch_unstitchable="#ff0000ff"
        preview_stitch_active="#e1d2c323"
        uv_shadow="#707070ff"
        frame_current="#60c040"
        metadatabg="#000000"
        metadatatext="#ffffff"
        handle_free="#000000"
        handle_auto="#909000"
        handle_align="#803060"
        handle_sel_free="#000000"
        handle_sel_auto="#f0ff40"
        handle_sel_align="#f090a0"
        handle_auto_clamped="#000000"
        handle_sel_auto_clamped="#000000"
        handle_vertex="#000000"
        handle_vertex_select="#ffff00"
        handle_vertex_size="3"
        paint_curve_handle="#7fff7f7f"
        paint_curve_pivot="#ff7f7f7f"
        >
        <space>
          <ThemeSpaceGeneric
            back="#1a1a1a"
            title="#ffffff"
            text="#8b8b8b"
            text_hi="#ffffff"
            header="#4d4d4dff"
            header_text="#ffffff"
            header_text_hi="#8b8b8b"
            button="#40404000"
            button_title="#c7c7c7"
            button_text="#b4b4b4"
            button_text_hi="#b4b4b4"
            navigation_bar="#262626ff"
            execution_buts="#262626ff"
            tab_active="#404040"
            tab_inactive="#262626"
            tab_back="#262626ff"
            tab_outline="#262626ff"
            >
            <panelcolors>
              <ThemePanelColors
                header="#404040ff"
                back="#383838f2"
                sub_back="#333333f2"
                >
              </ThemePanelColors>
            </panelcolors>
          </ThemeSpaceGeneric>
        </space>
      </ThemeImageEditor>
    </image_editor>
    <sequence_editor>
      <ThemeSequenceEditor
        grid="#212121"
        window_sliders="#999999"
        movie_strip="#267f99"
        movieclip_strip="#4d4d99"
        image_strip="#999999"
        scene_strip="#666666"
        audio_strip="#4d995f"
        effect_strip="#30bf74"
        transition_strip="#50458f"
        color_strip="#8f8f8f"
        meta_strip="#608073"
        mask_strip="#8f5656"
        text_strip="#914d99"
        active_strip="#00ff2f"
        selected_strip="#00d9ff"
        frame_current="#337fcc"
        time_scrub_background="#2b2b2bff"
        time_marker_line="#00000060"
        time_marker_line_selected="#ffffff60"
        keyframe="#00ff00"
        draw_action="#5d7b99"
        preview_back="#1a1a1a"
        metadatabg="#000000"
        metadatatext="#bfbfbf"
        preview_range="#26262666"
        row_alternate="#ffffff0d"
        >
        <space>
          <ThemeSpaceGeneric
            back="#333333"
            title="#e4e4e4"
            text="#a6a6a6"
            text_hi="#ffffff"
            header="#4d4d4dff"
            header_text="#e4e4e4"
            header_text_hi="#b7b7b7"
            button="#40404000"
            button_title="#c7c7c7"
            button_text="#b4b4b4"
            button_text_hi="#b4b4b4"
            navigation_bar="#202020ff"
            execution_buts="#20202000"
            tab_active="#4b4b4b"
            tab_inactive="#2b2b2b"
            tab_back="#2b2b2bff"
            tab_outline="#2b2b2bff"
            >
            <panelcolors>
              <ThemePanelColors
                header="#404040ff"
                back="#383838ff"
                sub_back="#333333ff"
                >
              </ThemePanelColors>
            </panelcolors>
          </ThemeSpaceGeneric>
        </space>
        <space_list>
          <ThemeSpaceListGeneric
            list="#404040"
            list_title="#e4e4e4"
            list_text="#e4e4e4"
            list_text_hi="#e4e4e4"
            >
          </ThemeSpaceListGeneric>
        </space_list>
      </ThemeSequenceEditor>
    </sequence_editor>
    <properties>
      <ThemeProperties
        match="#3373bb"
        active_modifier="#5680c2ff"
        >
        <space>
          <ThemeSpaceGeneric
            back="#404040"
            title="#c7c7c7"
            text="#bfbfbf"
            text_hi="#ffffff"
            header="#4d4d4dff"
            header_text="#c7c7c7"
            header_text_hi="#ffffff"
            button="#404040ff"
            button_title="#c7c7c7"
            button_text="#777777"
            button_text_hi="#777777"
            navigation_bar="#262626ff"
            execution_buts="#262626ff"
            tab_active="#404040"
            tab_inactive="#404040"
            tab_back="#404040ff"
            tab_outline="#131313ff"
            >
            <panelcolors>
              <ThemePanelColors
                header="#3b3b3b00"
                back="#393939ff"
                sub_back="#0000001a"
                >
              </ThemePanelColors>
            </panelcolors>
          </ThemeSpaceGeneric>
        </space>
      </ThemeProperties>
    </properties>
    <text_editor>
      <ThemeTextEditor
        line_numbers="#999999"
        line_numbers_background="#202020"
        selected_text="#204f80"
        cursor="#8b8bff"
        syntax_builtin="#ff80ee"
        syntax_symbols="#808080"
        syntax_special="#40acff"
        syntax_preprocessor="#398080"
        syntax_reserved="#a94800"
        syntax_comment="#4d9950"
        syntax_string="#ffb280"
        syntax_numbers="#ffeda0"
        >
        <space>
          <ThemeSpaceGeneric
            back="#202020"
            title="#fefefe"
            text="#e7e7e7"
            text_hi="#ffffff"
            header="#4d4d4dff"
            header_text="#ffffff"
            header_text_hi="#b7b7b7"
            button="#40404000"
            button_title="#c7c7c7"
            button_text="#b4b4b4"
            button_text_hi="#b4b4b4"
            navigation_bar="#202020ff"
            execution_buts="#00000000"
            tab_active="#262626"
            tab_inactive="#1a1a1a"
            tab_back="#1a1a1aff"
            tab_outline="#1a1a1aff"
            >
            <panelcolors>
              <ThemePanelColors
                header="#404040ff"
                back="#383838ff"
                sub_back="#333333ff"
                >
              </ThemePanelColors>
            </panelcolors>
          </ThemeSpaceGeneric>
        </space>
      </ThemeTextEditor>
    </text_editor>
    <node_editor>
      <ThemeNodeEditor
        grid="#333333"
        node_selected="#00bdff"
        node_active="#00ff2f"
        wire="#1a1a1aff"
        wire_inner="#4d4d4d"
        wire_select="#00bdffb3"
        selected_text="#cccccc"
        node_backdrop="#393939ff"
        converter_node="#404040"
        color_node="#dedb11"
        group_node="#404040"
        group_socket_node="#0d0d0d"
        frame_node="#2626267d"
        matte_node="#404040"
        distor_node="#404040"
        noodle_curving="5"
        grid_levels="3"
        dash_alpha="0.5"
        input_node="#0d0d0d"
        output_node="#0d0d0d"
        filter_node="#404040"
        vector_node="#852e75"
        texture_node="#0096ff"
        shader_node="#2fb33d"
        script_node="#404040"
        pattern_node="#0096ff"
        layout_node="#404040"
        geometry_node="#00a17c"
        attribute_node="#3972c0"
        simulation_zone="#66416233"
        repeat_zone="#76512f33"
        >
        <space>
          <ThemeSpaceGeneric
            back="#262626"
            title="#ffffff"
            text="#ffffff"
            text_hi="#ffffff"
            header="#4d4d4dff"
            header_text="#cdcdcd"
            header_text_hi="#b7b7b7"
            button="#40404000"
            button_title="#c7c7c7"
            button_text="#b4b4b4"
            button_text_hi="#b4b4b4"
            navigation_bar="#131313ff"
            execution_buts="#00000000"
            tab_active="#404040"
            tab_inactive="#232323"
            tab_back="#23232300"
            tab_outline="#232323ff"
            >
            <panelcolors>
              <ThemePanelColors
                header="#404040ff"
                back="#383838ff"
                sub_back="#333333ff"
                >
              </ThemePanelColors>
            </panelcolors>
          </ThemeSpaceGeneric>
        </space>
        <space_list>
          <ThemeSpaceListGeneric
            list="#262626"
            list_title="#000000"
            list_text="#000000"
            list_text_hi="#ffffff"
            >
          </ThemeSpaceListGeneric>
        </space_list>
      </ThemeNodeEditor>
    </node_editor>
    <outliner>
      <ThemeOutliner
        match="#343434"
        selected_highlight="#337fcc"
        active="#00991d"
        selected_object="#ffffff"
        active_object="#ffffff"
        edited_object="#00000080"
        row_alternate="#ffffff06"
        >
        <space>
          <ThemeSpaceGeneric
            back="#333333"
            title="#dadada"
            text="#e6e6e6"
            text_hi="#ffffff"
            header="#4d4d4dff"
            header_text="#c7c7c7"
            header_text_hi="#ffffff"
            button="#404040ff"
            button_title="#cccccc"
            button_text="#cccccc"
            button_text_hi="#cccccc"
            navigation_bar="#202020ff"
            execution_buts="#00000000"
            tab_active="#727272"
            tab_inactive="#222222"
            tab_back="#222222ff"
            tab_outline="#222222ff"
            >
            <panelcolors>
              <ThemePanelColors
                header="#26262600"
                back="#292929ff"
                sub_back="#242424ff"
                >
              </ThemePanelColors>
            </panelcolors>
          </ThemeSpaceGeneric>
        </space>
      </ThemeOutliner>
    </outliner>
    <info>
      <ThemeInfo
        info_selected="#00781b"
        info_selected_text="#ffffff"
        info_error="#b34c34ff"
        info_error_text="#ffffff"
        info_warning="#ac8737ff"
        info_warning_text="#ffffff"
        info_info="#1f3862ff"
        info_info_text="#bfbfbf"
        info_debug="#6b3293ff"
        info_debug_text="#ffffff"
        info_property="#329364ff"
        info_property_text="#ffffff"
        info_operator="#329364ff"
        info_operator_text="#ffffff"
        >
        <space>
          <ThemeSpaceGeneric
            back="#333333"
            title="#e4e4e4"
            text="#cecece"
            text_hi="#ffffff"
            header="#4d4d4dff"
            header_text="#ffffff"
            header_text_hi="#000000"
            button="#262626ff"
            button_title="#c7c7c7"
            button_text="#000000"
            button_text_hi="#000000"
            navigation_bar="#131313ff"
            execution_buts="#00000000"
            tab_active="#727272"
            tab_inactive="#222222"
            tab_back="#222222ff"
            tab_outline="#222222ff"
            >
            <panelcolors>
              <ThemePanelColors
                header="#333333ff"
                back="#292929ff"
                sub_back="#242424ff"
                >
              </ThemePanelColors>
            </panelcolors>
          </ThemeSpaceGeneric>
        </space>
      </ThemeInfo>
    </info>
    <preferences>
      <ThemePreferences>
        <space>
          <ThemeSpaceGeneric
            back="#404040"
            title="#eeeeee"
            text="#e6e6e6"
            text_hi="#ffffff"
            header="#4d4d4dff"
            header_text="#eeeeee"
            header_text_hi="#ffffff"
            button="#404040ff"
            button_title="#ffffff"
            button_text="#e5e5e5"
            button_text_hi="#e5e5e5"
            navigation_bar="#404040ff"
            execution_buts="#404040ff"
            tab_active="#4b4b4b"
            tab_inactive="#2b2b2b"
            tab_back="#232323ff"
            tab_outline="#232323ff"
            >
            <panelcolors>
              <ThemePanelColors
                header="#40404000"
                back="#383838ff"
                sub_back="#333333ff"
                >
              </ThemePanelColors>
            </panelcolors>
          </ThemeSpaceGeneric>
        </space>
      </ThemePreferences>
    </preferences>
    <console>
      <ThemeConsole
        line_output="#40bfff"
        line_input="#ffffff"
        line_info="#607f9e"
        line_error="#ff0019"
        cursor="#8b8bff"
        select="#18181880"
        >
        <space>
          <ThemeSpaceGeneric
            back="#262626"
            title="#e4e4e4"
            text="#ffffff"
            text_hi="#ffffff"
            header="#4d4d4dff"
            header_text="#000000"
            header_text_hi="#ffffff"
            button="#262626ff"
            button_title="#c7c7c7"
            button_text="#000000"
            button_text_hi="#ffffff"
            navigation_bar="#131313ff"
            execution_buts="#00000000"
            tab_active="#727272"
            tab_inactive="#4a4a4a"
            tab_back="#414141ff"
            tab_outline="#2d2d2dff"
            >
            <panelcolors>
              <ThemePanelColors
                header="#262626ff"
                back="#1f1f1fff"
                sub_back="#1a1a1aff"
                >
              </ThemePanelColors>
            </panelcolors>
          </ThemeSpaceGeneric>
        </space>
      </ThemeConsole>
    </console>
    <clip_editor>
      <ThemeClipEditor
        grid="#1a1a1aff"
        marker_outline="#000000"
        marker="#7f7f00"
        active_marker="#ffffff"
        selected_marker="#ffff00"
        disabled_marker="#7f0000"
        locked_marker="#7f7f7f"
        path_before="#ff0000"
        path_after="#0000ff"
        path_keyframe_before="#ffc4c4"
        path_keyframe_after="#c4c4ff"
        frame_current="#01c040"
        time_scrub_background="#292929e6"
        time_marker_line="#00000060"
        time_marker_line_selected="#ffffff60"
        strips="#0c0a0a"
        strips_selected="#ff8c00"
        metadatabg="#000000"
        metadatatext="#ffffff"
        handle_free="#000000"
        handle_auto="#909000"
        handle_align="#803060"
        handle_sel_free="#000000"
        handle_sel_auto="#f0ff40"
        handle_sel_align="#f090a0"
        handle_auto_clamped="#000000"
        handle_sel_auto_clamped="#000000"
        handle_vertex="#000000"
        handle_vertex_select="#ffff00"
        handle_vertex_size="5"
        >
        <space>
          <ThemeSpaceGeneric
            back="#1a1a1a"
            title="#ffffff"
            text="#a6a6a6"
            text_hi="#ffffff"
            header="#4d4d4dff"
            header_text="#000000"
            header_text_hi="#b8b8b8"
            button="#262626ff"
            button_title="#c7c7c7"
            button_text="#b4b4b4"
            button_text_hi="#b4b4b4"
            navigation_bar="#131313ff"
            execution_buts="#00000000"
            tab_active="#262626"
            tab_inactive="#1a1a1a"
            tab_back="#1a1a1aff"
            tab_outline="#1a1a1aff"
            >
            <panelcolors>
              <ThemePanelColors
                header="#262626ff"
                back="#1f1f1fff"
                sub_back="#1a1a1aff"
                >
              </ThemePanelColors>
            </panelcolors>
          </ThemeSpaceGeneric>
        </space>
        <space_list>
          <ThemeSpaceListGeneric
            list="#262626"
            list_title="#000000"
            list_text="#000000"
            list_text_hi="#ffffff"
            >
          </ThemeSpaceListGeneric>
        </space_list>
      </ThemeClipEditor>
    </clip_editor>
    <topbar>
      <ThemeTopBar>
        <space>
          <ThemeSpaceGeneric
            back="#404040"
            title="#ffffff"
            text="#ffffff"
            text_hi="#ffffff"
            header="#262626ff"
            header_text="#eeeeee"
            header_text_hi="#ffffff"
            button="#333333ff"
            button_title="#ffffff"
            button_text="#e5e5e5"
            button_text_hi="#e5e5e5"
            navigation_bar="#202020ff"
            execution_buts="#1a1a1a00"
            tab_active="#262626"
            tab_inactive="#282828"
            tab_back="#262626ff"
            tab_outline="#131313ff"
            >
            <panelcolors>
              <ThemePanelColors
                header="#26262600"
                back="#292929ff"
                sub_back="#242424ff"
                >
              </ThemePanelColors>
            </panelcolors>
          </ThemeSpaceGeneric>
        </space>
      </ThemeTopBar>
    </topbar>
    <statusbar>
      <ThemeStatusBar>
        <space>
          <ThemeSpaceGeneric
            back="#262626"
            title="#ffffff"
            text="#838383"
            text_hi="#ffffff"
            header="#262626ff"
            header_text="#aaaaaa"
            header_text_hi="#ffffff"
            button="#333333ff"
            button_title="#000000"
            button_text="#000000"
            button_text_hi="#ffffff"
            navigation_bar="#202020ff"
            execution_buts="#1a1a1a00"
            tab_active="#4b4b4b"
            tab_inactive="#2b2b2b"
            tab_back="#232323ff"
            tab_outline="#232323ff"
            >
            <panelcolors>
              <ThemePanelColors
                header="#31313100"
                back="#292929ff"
                sub_back="#242424ff"
                >
              </ThemePanelColors>
            </panelcolors>
          </ThemeSpaceGeneric>
        </space>
      </ThemeStatusBar>
    </statusbar>
    <spreadsheet>
      <ThemeSpreadsheet
        row_alternate="#ffffff06"
        >
        <space>
          <ThemeSpaceGeneric
            back="#333333"
            title="#dadada"
            text="#e6e6e6"
            text_hi="#ffffff"
            header="#4d4d4dcc"
            header_text="#c7c7c7"
            header_text_hi="#ffffff"
            button="#404040ff"
            button_title="#c7c7c7"
            button_text="#e5e5e5"
            button_text_hi="#e5e5e5"
            navigation_bar="#404040ff"
            execution_buts="#40404000"
            tab_active="#4b4b4b"
            tab_inactive="#2b2b2b"
            tab_back="#232323ff"
            tab_outline="#232323ff"
            >
            <panelcolors>
              <ThemePanelColors
                header="#26262600"
                back="#292929ff"
                sub_back="#242424ff"
                >
              </ThemePanelColors>
            </panelcolors>
          </ThemeSpaceGeneric>
        </space>
        <space_list>
          <ThemeSpaceListGeneric
            list="#424242"
            list_title="#000000"
            list_text="#c3c3c3"
            list_text_hi="#00ffff"
            >
          </ThemeSpaceListGeneric>
        </space_list>
      </ThemeSpreadsheet>
    </spreadsheet>
    <bone_color_sets>
      <ThemeBoneColorSet
        normal="#9a0000"
        select="#bd1111"
        active="#f70a0a"
        show_colored_constraints="FALSE"
        >
      </ThemeBoneColorSet>
      <ThemeBoneColorSet
        normal="#f74018"
        select="#f66913"
        active="#fa9900"
        show_colored_constraints="FALSE"
        >
      </ThemeBoneColorSet>
      <ThemeBoneColorSet
        normal="#1e9109"
        select="#59b70b"
        active="#83ef1d"
        show_colored_constraints="FALSE"
        >
      </ThemeBoneColorSet>
      <ThemeBoneColorSet
        normal="#0a3694"
        select="#3667df"
        active="#65ceff"
        show_colored_constraints="FALSE"
        >
      </ThemeBoneColorSet>
      <ThemeBoneColorSet
        normal="#a9294e"
        select="#c1416a"
        active="#f05d91"
        show_colored_constraints="FALSE"
        >
      </ThemeBoneColorSet>
      <ThemeBoneColorSet
        normal="#430c78"
        select="#543aa3"
        active="#8764d5"
        show_colored_constraints="FALSE"
        >
      </ThemeBoneColorSet>
      <ThemeBoneColorSet
        normal="#24785a"
        select="#3c9579"
        active="#6fb6ab"
        show_colored_constraints="FALSE"
        >
      </ThemeBoneColorSet>
      <ThemeBoneColorSet
        normal="#4b707c"
        select="#6a8691"
        active="#9bc2cd"
        show_colored_constraints="FALSE"
        >
      </ThemeBoneColorSet>
      <ThemeBoneColorSet
        normal="#f4c90c"
        select="#eec236"
        active="#f3ff00"
        show_colored_constraints="FALSE"
        >
      </ThemeBoneColorSet>
      <ThemeBoneColorSet
        normal="#1e2024"
        select="#484c56"
        active="#ffffff"
        show_colored_constraints="FALSE"
        >
      </ThemeBoneColorSet>
      <ThemeBoneColorSet
        normal="#6f2f6a"
        select="#9845be"
        active="#d330d6"
        show_colored_constraints="FALSE"
        >
      </ThemeBoneColorSet>
      <ThemeBoneColorSet
        normal="#6c8e22"
        select="#7fb022"
        active="#bbef5b"
        show_colored_constraints="FALSE"
        >
      </ThemeBoneColorSet>
      <ThemeBoneColorSet
        normal="#8d8d8d"
        select="#b0b0b0"
        active="#dedede"
        show_colored_constraints="FALSE"
        >
      </ThemeBoneColorSet>
      <ThemeBoneColorSet
        normal="#834326"
        select="#8b5811"
        active="#bd6a11"
        show_colored_constraints="FALSE"
        >
      </ThemeBoneColorSet>
      <ThemeBoneColorSet
        normal="#08310e"
        select="#1c430b"
        active="#34622b"
        show_colored_constraints="FALSE"
        >
      </ThemeBoneColorSet>
      <ThemeBoneColorSet
        normal="#000000"
        select="#000000"
        active="#000000"
        show_colored_constraints="FALSE"
        >
      </ThemeBoneColorSet>
      <ThemeBoneColorSet
        normal="#000000"
        select="#000000"
        active="#010000"
        show_colored_constraints="FALSE"
        >
      </ThemeBoneColorSet>
      <ThemeBoneColorSet
        normal="#000000"
        select="#000000"
        active="#000000"
        show_colored_constraints="FALSE"
        >
      </ThemeBoneColorSet>
      <ThemeBoneColorSet
        normal="#000000"
        select="#000000"
        active="#000000"
        show_colored_constraints="FALSE"
        >
      </ThemeBoneColorSet>
      <ThemeBoneColorSet
        normal="#000000"
        select="#000000"
        active="#000000"
        show_colored_constraints="FALSE"
        >
      </ThemeBoneColorSet>
    </bone_color_sets>
    <collection_color>
      <ThemeCollectionColor
        color="#e4312b"
        >
      </ThemeCollectionColor>
      <ThemeCollectionColor
        color="#ef7e42"
        >
      </ThemeCollectionColor>
      <ThemeCollectionColor
        color="#e4dd52"
        >
      </ThemeCollectionColor>
      <ThemeCollectionColor
        color="#9ac546"
        >
      </ThemeCollectionColor>
      <ThemeCollectionColor
        color="#46bcc2"
        >
      </ThemeCollectionColor>
      <ThemeCollectionColor
        color="#8b65dc"
        >
      </ThemeCollectionColor>
      <ThemeCollectionColor
        color="#999999"
        >
      </ThemeCollectionColor>
      <ThemeCollectionColor
        color="#6d4432"
        >
      </ThemeCollectionColor>
    </collection_color>
    <strip_color>
      <ThemeStripColor
        color="#e2605b"
        >
      </ThemeStripColor>
      <ThemeStripColor
        color="#f1a355"
        >
      </ThemeStripColor>
      <ThemeStripColor
        color="#f1dc55"
        >
      </ThemeStripColor>
      <ThemeStripColor
        color="#7bcc7b"
        >
      </ThemeStripColor>
      <ThemeStripColor
        color="#5db6ea"
        >
      </ThemeStripColor>
      <ThemeStripColor
        color="#8d59da"
        >
      </ThemeStripColor>
      <ThemeStripColor
        color="#c673b8"
        >
      </ThemeStripColor>
      <ThemeStripColor
        color="#7a5441"
        >
      </ThemeStripColor>
      <ThemeStripColor
        color="#5f5f5f"
        >
      </ThemeStripColor>
    </strip_color>
  </Theme>
  <ThemeStyle>
    <panel_title>
      <ThemeFontStyle
        points="11"
        shadow="1"
        shadow_offset_x="0"
        shadow_offset_y="-1"
        shadow_alpha="0"
        shadow_value="0"
        >
      </ThemeFontStyle>
    </panel_title>
    <widget_label>
      <ThemeFontStyle
        points="10"
        shadow="3"
        shadow_offset_x="0"
        shadow_offset_y="-1"
        shadow_alpha="0"
        shadow_value="0"
        >
      </ThemeFontStyle>
    </widget_label>
    <widget>
      <ThemeFontStyle
        points="10"
        shadow="0"
        shadow_offset_x="0"
        shadow_offset_y="-1"
        shadow_alpha="0"
        shadow_value="0"
        >
      </ThemeFontStyle>
    </widget>
  </ThemeStyle>
</bpy>
