<bpy>
  <Theme>
    <user_interface>
      <ThemeUserInterface
        menu_shadow_fac="0.3"
        menu_shadow_width="4"
        icon_alpha="1"
        icon_saturation="0.5"
        widget_emboss="#000000ff"
        editor_outline="#000000"
        widget_text_cursor="#3399e6"
        panel_roundness="0.4"
        transparent_checker_primary="#9b9b9b"
        transparent_checker_secondary="#cacaca"
        transparent_checker_size="8"
        axis_x="#ff3352"
        axis_y="#8bdc00"
        axis_z="#2890ff"
        gizmo_hi="#ffffff"
        gizmo_primary="#f5f14d"
        gizmo_secondary="#63ffff"
        gizmo_view_align="#ffffff"
        gizmo_a="#4da84d"
        gizmo_b="#a33535"
        icon_scene="#000000ff"
        icon_collection="#000000ff"
        icon_object="#c7854eff"
        icon_object_data="#008667ff"
        icon_modifier="#4d7097ff"
        icon_shading="#b65d65ff"
        icon_folder="#e3c16eff"
        icon_border_intensity="0"
        >
        <wcol_regular>
          <ThemeWidgetColors
            outline="#000000ff"
            inner="#ffffffff"
            inner_sel="#668cccff"
            item="#191919ff"
            text="#1a1a1a"
            text_sel="#000000"
            show_shaded="FALSE"
            shadetop="0"
            shadedown="-5"
            roundness="0.4"
            >
          </ThemeWidgetColors>
        </wcol_regular>
        <wcol_tool>
          <ThemeWidgetColors
            outline="#000000ff"
            inner="#ffffffff"
            inner_sel="#5680c2ff"
            item="#191919ff"
            text="#000000"
            text_sel="#000000"
            show_shaded="FALSE"
            shadetop="0"
            shadedown="-5"
            roundness="0.4"
            >
          </ThemeWidgetColors>
        </wcol_tool>
        <wcol_toolbar_item>
          <ThemeWidgetColors
            outline="#000000ff"
            inner="#ffffffff"
            inner_sel="#5094ffff"
            item="#000000ff"
            text="#ffffff"
            text_sel="#ffffff"
            show_shaded="FALSE"
            shadetop="0"
            shadedown="0"
            roundness="0.4"
            >
          </ThemeWidgetColors>
        </wcol_toolbar_item>
        <wcol_radio>
          <ThemeWidgetColors
            outline="#000000ff"
            inner="#ffffffff"
            inner_sel="#5680c2e6"
            item="#ffffffff"
            text="#000000"
            text_sel="#ffffff"
            show_shaded="FALSE"
            shadetop="5"
            shadedown="-5"
            roundness="0.4"
            >
          </ThemeWidgetColors>
        </wcol_radio>
        <wcol_text>
          <ThemeWidgetColors
            outline="#000000ff"
            inner="#ffffffff"
            inner_sel="#d8d8d8ff"
            item="#5680c2ff"
            text="#000000"
            text_sel="#000000"
            show_shaded="FALSE"
            shadetop="-8"
            shadedown="0"
            roundness="0.4"
            >
          </ThemeWidgetColors>
        </wcol_text>
        <wcol_option>
          <ThemeWidgetColors
            outline="#000000ff"
            inner="#ffffffff"
            inner_sel="#5680c2e6"
            item="#ffffffff"
            text="#000000"
            text_sel="#000000"
            show_shaded="FALSE"
            shadetop="0"
            shadedown="-15"
            roundness="0.4"
            >
          </ThemeWidgetColors>
        </wcol_option>
        <wcol_toggle>
          <ThemeWidgetColors
            outline="#000000ff"
            inner="#ffffffff"
            inner_sel="#5680c2ff"
            item="#000000ff"
            text="#000000"
            text_sel="#ffffff"
            show_shaded="FALSE"
            shadetop="0"
            shadedown="0"
            roundness="0.4"
            >
          </ThemeWidgetColors>
        </wcol_toggle>
        <wcol_num>
          <ThemeWidgetColors
            outline="#000000ff"
            inner="#ffffffff"
            inner_sel="#5680c2ff"
            item="#80b1ffff"
            text="#000000"
            text_sel="#ffffff"
            show_shaded="FALSE"
            shadetop="-10"
            shadedown="0"
            roundness="0.4"
            >
          </ThemeWidgetColors>
        </wcol_num>
        <wcol_numslider>
          <ThemeWidgetColors
            outline="#000000ff"
            inner="#ffffffff"
            inner_sel="#d8d8d8ff"
            item="#5680c2ff"
            text="#000000"
            text_sel="#ffffff"
            show_shaded="FALSE"
            shadetop="-4"
            shadedown="0"
            roundness="0.4"
            >
          </ThemeWidgetColors>
        </wcol_numslider>
        <wcol_box>
          <ThemeWidgetColors
            outline="#000000ff"
            inner="#ffffffff"
            inner_sel="#5680c2ff"
            item="#000000ff"
            text="#000000"
            text_sel="#ffffff"
            show_shaded="FALSE"
            shadetop="0"
            shadedown="0"
            roundness="0.4"
            >
          </ThemeWidgetColors>
        </wcol_box>
        <wcol_menu>
          <ThemeWidgetColors
            outline="#000000ff"
            inner="#ffffffff"
            inner_sel="#d8d8d8ff"
            item="#000000ff"
            text="#000000"
            text_sel="#000000"
            show_shaded="FALSE"
            shadetop="10"
            shadedown="-10"
            roundness="0.4"
            >
          </ThemeWidgetColors>
        </wcol_menu>
        <wcol_pulldown>
          <ThemeWidgetColors
            outline="#000000ff"
            inner="#ffffffcc"
            inner_sel="#5680c2e6"
            item="#d8d8d8ff"
            text="#000000"
            text_sel="#ffffff"
            show_shaded="FALSE"
            shadetop="25"
            shadedown="-20"
            roundness="0.4"
            >
          </ThemeWidgetColors>
        </wcol_pulldown>
        <wcol_menu_back>
          <ThemeWidgetColors
            outline="#000000ff"
            inner="#d8d8d8ff"
            inner_sel="#585858ff"
            item="#d8d8d8ff"
            text="#000000"
            text_sel="#000000"
            show_shaded="FALSE"
            shadetop="25"
            shadedown="-20"
            roundness="0.4"
            >
          </ThemeWidgetColors>
        </wcol_menu_back>
        <wcol_pie_menu>
          <ThemeWidgetColors
            outline="#000000ff"
            inner="#ffffffef"
            inner_sel="#5680c2e6"
            item="#d8d8d8ff"
            text="#000000"
            text_sel="#000000"
            show_shaded="FALSE"
            shadetop="10"
            shadedown="-10"
            roundness="0.4"
            >
          </ThemeWidgetColors>
        </wcol_pie_menu>
        <wcol_tooltip>
          <ThemeWidgetColors
            outline="#19191aff"
            inner="#19191aef"
            inner_sel="#19191aef"
            item="#19191aef"
            text="#e6e6e6"
            text_sel="#ffffff"
            show_shaded="FALSE"
            shadetop="25"
            shadedown="-20"
            roundness="0.4"
            >
          </ThemeWidgetColors>
        </wcol_tooltip>
        <wcol_menu_item>
          <ThemeWidgetColors
            outline="#00000000"
            inner="#00000000"
            inner_sel="#5680c2e6"
            item="#ffffff8f"
            text="#000000"
            text_sel="#ffffff"
            show_shaded="FALSE"
            shadetop="38"
            shadedown="0"
            roundness="0.4"
            >
          </ThemeWidgetColors>
        </wcol_menu_item>
        <wcol_scroll>
          <ThemeWidgetColors
            outline="#000000ff"
            inner="#ffffffff"
            inner_sel="#a4a4a4ff"
            item="#d8d8d8ff"
            text="#000000"
            text_sel="#ffffff"
            show_shaded="FALSE"
            shadetop="5"
            shadedown="-5"
            roundness="1"
            >
          </ThemeWidgetColors>
        </wcol_scroll>
        <wcol_progress>
          <ThemeWidgetColors
            outline="#000000ff"
            inner="#ffffffff"
            inner_sel="#646464b4"
            item="#5094ffff"
            text="#000000"
            text_sel="#ffffff"
            show_shaded="FALSE"
            shadetop="0"
            shadedown="0"
            roundness="0.4"
            >
          </ThemeWidgetColors>
        </wcol_progress>
        <wcol_list_item>
          <ThemeWidgetColors
            outline="#000000ff"
            inner="#00000000"
            inner_sel="#5680c2ff"
            item="#5094ffff"
            text="#000000"
            text_sel="#ffffff"
            show_shaded="FALSE"
            shadetop="0"
            shadedown="0"
            roundness="0.4"
            >
          </ThemeWidgetColors>
        </wcol_list_item>
        <wcol_state>
          <ThemeWidgetStateColors
            inner_anim="#73be4c"
            inner_anim_sel="#5aa633"
            inner_key="#f0eb64"
            inner_key_sel="#d7d34b"
            inner_driven="#b400ff"
            inner_driven_sel="#9900e6"
            inner_overridden="#6bf3cc"
            inner_overridden_sel="#5fd9b6"
            inner_changed="#cc7529"
            inner_changed_sel="#e6852d"
            blend="0.5"
            >
          </ThemeWidgetStateColors>
        </wcol_state>
        <wcol_tab>
          <ThemeWidgetColors
            outline="#000000ff"
            inner="#ffffffff"
            inner_sel="#5094ffff"
            item="#28292dff"
            text="#000000"
            text_sel="#ffffff"
            show_shaded="FALSE"
            shadetop="0"
            shadedown="0"
            roundness="0.4"
            >
          </ThemeWidgetColors>
        </wcol_tab>
      </ThemeUserInterface>
    </user_interface>
    <view_3d>
      <ThemeView3D
        grid="#000000ff"
        clipping_border_3d="#313131ff"
        wire="#000000"
        wire_edit="#000000"
        edge_width="1"
        gp_vertex="#000000"
        gp_vertex_select="#00cc9e"
        gp_vertex_size="3"
        text_grease_pencil="#00e6b2"
        object_selected="#cc5d00"
        object_active="#ffaf29"
        text_keyframe="#ddd700"
        camera="#000000"
        empty="#000000"
        light="#00000028"
        speaker="#000000"
        vertex="#000000"
        vertex_select="#00b38a"
        vertex_active="#000000"
        vertex_size="3"
        vertex_bevel="#00a5ff"
        vertex_unreferenced="#000000"
        edge_select="#00cc9e"
        edge_mode_select="#00cc9e"
        edge_seam="#db2512"
        edge_sharp="#00ffff"
        edge_crease="#cc0099"
        edge_bevel="#00a5ff"
        edge_facesel="#4b4b4b"
        freestyle_edge_mark="#ffcc7f"
        face="#00000012"
        face_select="#29cca766"
        face_mode_select="#29cca766"
        face_dot="#a1e6d6"
        facedot_size="3"
        freestyle_face_mark="#ffcc7f4d"
        face_retopology="#50c8ff1e"
        face_back="#ff0000b3"
        face_front="#0000ffb3"
        nurb_uline="#909000"
        nurb_vline="#803060"
        nurb_sel_uline="#f0ff40"
        nurb_sel_vline="#f090a0"
        act_spline="#89e689"
        handle_free="#000000"
        handle_auto="#909000"
        handle_vect="#409030"
        handle_sel_vect="#40c030"
        handle_align="#803060"
        handle_sel_free="#000000"
        handle_sel_auto="#f0ff40"
        handle_sel_align="#f090a0"
        lastsel_point="#ffffff"
        extra_edge_len="#ff6149"
        extra_edge_angle="#cccc00"
        extra_face_angle="#b3b3ff"
        extra_face_area="#00cc00"
        editmesh_active="#00ff0081"
        normal="#22dddd"
        vertex_normal="#2361dd"
        split_normal="#dd23dd"
        bone_pose="#50c8ff"
        bone_pose_active="#8cffff"
        bone_solid="#e6e6e6"
        bone_locked_weight="#ff000080"
        bundle_solid="#c8c8c8"
        camera_path="#000000"
        camera_passepartout="#000000"
        skin_root="#b44d4d"
        view_overlay="#000000"
        transform="#000000"
        frame_current="#60c040"
        paint_curve_handle="#7fff7f7f"
        paint_curve_pivot="#ff7f7f7f"
        outline_width="1"
        object_origin_size="6"
        >
        <space>
          <ThemeSpaceGradient
            title="#000000"
            text="#000000"
            text_hi="#000000"
            header="#d8d8d8ff"
            header_text="#000000"
            header_text_hi="#ffffff"
            button="#ffffff00"
            button_title="#000000"
            button_text="#000000"
            button_text_hi="#000000"
            navigation_bar="#00000000"
            execution_buts="#00000000"
            tab_active="#76afff"
            tab_inactive="#ffffff"
            tab_back="#d8d8d8ff"
            tab_outline="#000000ff"
            >
            <gradients>
              <ThemeGradientColors
                background_type="SINGLE_COLOR"
                high_gradient="#ffffff"
                gradient="#e6e6e6"
                >
              </ThemeGradientColors>
            </gradients>
            <panelcolors>
              <ThemePanelColors
                header="#d8d8d8ff"
                back="#ffffffcc"
                sub_back="#a4a4a424"
                >
              </ThemePanelColors>
            </panelcolors>
          </ThemeSpaceGradient>
        </space>
        <asset_shelf>
          <ThemeAssetShelf
            header_back="#1d1d1dff"
            back="#303030ff"
            >
          </ThemeAssetShelf>
        </asset_shelf>
      </ThemeView3D>
    </view_3d>
    <graph_editor>
      <ThemeGraphEditor
        grid="#5b5b5b"
        frame_current="#5680c2"
        time_scrub_background="#d8d8d8ff"
        time_marker_line="#00000060"
        time_marker_line_selected="#ffffff60"
        window_sliders="#969696"
        channels_region="#999999"
        dopesheet_channel="#2e6399"
        dopesheet_subchannel="#7aa4cc"
        channel_group="#278c0e"
        active_channels_group="#4db135"
        preview_range="#a14d0066"
        vertex="#000000"
        vertex_select="#ff8500"
        vertex_active="#ffffff"
        vertex_size="6"
        vertex_bevel="#000000"
        vertex_unreferenced="#000000"
        handle_free="#000000"
        handle_auto="#909000"
        handle_vect="#409030"
        handle_sel_vect="#40c030"
        handle_align="#803060"
        handle_sel_free="#000000"
        handle_sel_auto="#f0ff40"
        handle_sel_align="#f090a0"
        handle_auto_clamped="#994030"
        handle_sel_auto_clamped="#f0af90"
        lastsel_point="#ffffff"
        handle_vertex="#000000"
        handle_vertex_select="#ff8500"
        handle_vertex_size="5"
        >
        <space>
          <ThemeSpaceGeneric
            back="#ffffff"
            title="#000000"
            text="#000000"
            text_hi="#ffffff"
            header="#d8d8d8ff"
            header_text="#000000"
            header_text_hi="#ffffff"
            button="#ffffffff"
            button_title="#000000"
            button_text="#000000"
            button_text_hi="#000000"
            navigation_bar="#00000000"
            execution_buts="#00000000"
            tab_active="#76afff"
            tab_inactive="#ffffff"
            tab_back="#d8d8d8ff"
            tab_outline="#000000ff"
            >
            <panelcolors>
              <ThemePanelColors
                header="#d8d8d8ff"
                back="#ffffffcc"
                sub_back="#a4a4a424"
                >
              </ThemePanelColors>
            </panelcolors>
          </ThemeSpaceGeneric>
        </space>
        <space_list>
          <ThemeSpaceListGeneric
            list="#d8d8d8"
            list_title="#000000"
            list_text="#000000"
            list_text_hi="#ffffff"
            >
          </ThemeSpaceListGeneric>
        </space_list>
      </ThemeGraphEditor>
    </graph_editor>
    <file_browser>
      <ThemeFileBrowser
        selected_file="#76afff"
        row_alternate="#ffffffff"
        >
        <space>
          <ThemeSpaceGeneric
            back="#d8d8d8"
            title="#000000"
            text="#000000"
            text_hi="#ffffff"
            header="#d8d8d8ff"
            header_text="#000000"
            header_text_hi="#ffffff"
            button="#d8d8d8ff"
            button_title="#1a1a1a"
            button_text="#000000"
            button_text_hi="#000000"
            navigation_bar="#00000000"
            execution_buts="#00000000"
            tab_active="#76afff"
            tab_inactive="#ffffff"
            tab_back="#d8d8d8ff"
            tab_outline="#000000ff"
            >
            <panelcolors>
              <ThemePanelColors
                header="#d8d8d8ff"
                back="#ffffffcc"
                sub_back="#a4a4a424"
                >
              </ThemePanelColors>
            </panelcolors>
          </ThemeSpaceGeneric>
        </space>
      </ThemeFileBrowser>
    </file_browser>
    <nla_editor>
      <ThemeNLAEditor
        grid="#858585"
        view_sliders="#969696"
        dopesheet_channel="#5a85b2"
        nla_track="#424242"
        active_action="#cc701a66"
        active_action_unset="#9987614d"
        preview_range="#a14d0066"
        strips="#0c0a0a"
        strips_selected="#ff8c00"
        transition_strips="#1c2630"
        transition_strips_selected="#2e75db"
        meta_strips="#332642"
        meta_strips_selected="#692196"
        sound_strips="#2b3d3d"
        sound_strips_selected="#1f7a7a"
        tweak="#4df31a"
        tweak_duplicate="#d90000"
        keyframe_border="#000000ff"
        keyframe_border_selected="#000000ff"
        frame_current="#5680c2"
        time_scrub_background="#d8d8d8ff"
        time_marker_line="#00000060"
        time_marker_line_selected="#ffffff60"
        >
        <space>
          <ThemeSpaceGeneric
            back="#ffffff"
            title="#000000"
            text="#000000"
            text_hi="#ffffff"
            header="#d8d8d8ff"
            header_text="#000000"
            header_text_hi="#ffffff"
            button="#ffffffff"
            button_title="#000000"
            button_text="#000000"
            button_text_hi="#000000"
            navigation_bar="#00000000"
            execution_buts="#00000000"
            tab_active="#76afff"
            tab_inactive="#ffffff"
            tab_back="#d8d8d8ff"
            tab_outline="#000000ff"
            >
            <panelcolors>
              <ThemePanelColors
                header="#d8d8d8ff"
                back="#ffffffcc"
                sub_back="#a4a4a424"
                >
              </ThemePanelColors>
            </panelcolors>
          </ThemeSpaceGeneric>
        </space>
        <space_list>
          <ThemeSpaceListGeneric
            list="#d8d8d8"
            list_title="#000000"
            list_text="#000000"
            list_text_hi="#000000"
            >
          </ThemeSpaceListGeneric>
        </space_list>
      </ThemeNLAEditor>
    </nla_editor>
    <dopesheet_editor>
      <ThemeDopeSheet
        grid="#818181"
        frame_current="#5680c2"
        time_scrub_background="#d8d8d8ff"
        time_marker_line="#00000060"
        time_marker_line_selected="#ffffff60"
        value_sliders="#000000"
        view_sliders="#969696"
        dopesheet_channel="#2e639924"
        dopesheet_subchannel="#7aa4cc24"
        channels="#b1b1b1ff"
        channels_selected="#60c04044"
        channel_group="#278c0e37"
        active_channels_group="#4eb33555"
        long_key="#1a151580"
        long_key_selected="#ff8c00cc"
        keyframe="#e8e8e8"
        keyframe_selected="#ffbe33"
        keyframe_extreme="#e8b3cc"
        keyframe_extreme_selected="#f28080"
        keyframe_breakdown="#b3dbe8"
        keyframe_breakdown_selected="#54bfed"
        keyframe_jitter="#94e575"
        keyframe_jitter_selected="#61c042"
        keyframe_movehold="#5c5656"
        keyframe_movehold_selected="#ffaf23"
        keyframe_border="#000000ff"
        keyframe_border_selected="#000000ff"
        keyframe_scale_factor="1"
        summary="#d3660066"
        preview_range="#a14d0066"
        interpolation_line="#94e575cc"
        simulated_frames="#721e65ff"
        >
        <space>
          <ThemeSpaceGeneric
            back="#ffffff"
            title="#000000"
            text="#000000"
            text_hi="#ffffff"
            header="#d8d8d8ff"
            header_text="#000000"
            header_text_hi="#ffffff"
            button="#ffffffff"
            button_title="#000000"
            button_text="#000000"
            button_text_hi="#000000"
            navigation_bar="#00000000"
            execution_buts="#00000000"
            tab_active="#76afff"
            tab_inactive="#ffffff"
            tab_back="#d8d8d8ff"
            tab_outline="#000000ff"
            >
            <panelcolors>
              <ThemePanelColors
                header="#d8d8d8ff"
                back="#ffffffcc"
                sub_back="#a4a4a424"
                >
              </ThemePanelColors>
            </panelcolors>
          </ThemeSpaceGeneric>
        </space>
        <space_list>
          <ThemeSpaceListGeneric
            list="#d8d8d8"
            list_title="#000000"
            list_text="#000000"
            list_text_hi="#ffffff"
            >
          </ThemeSpaceListGeneric>
        </space_list>
      </ThemeDopeSheet>
    </dopesheet_editor>
    <image_editor>
      <ThemeImageEditor
        grid="#a4a4a4ff"
        vertex="#000000"
        vertex_select="#00b38a"
        vertex_active="#000000"
        vertex_size="3"
        vertex_bevel="#000000"
        vertex_unreferenced="#000000"
        face="#ffffff0a"
        face_select="#29cca766"
        face_dot="#a1e6d6"
        facedot_size="3"
        freestyle_face_mark="#7fff7f33"
        face_retopology="#50c8ff1e"
        face_back="#00000000"
        face_front="#00000000"
        editmesh_active="#ffffff80"
        wire_edit="#c0c0c0"
        edge_width="1"
        edge_select="#00cc9e"
        scope_back="#d8d8d8ff"
        preview_stitch_face="#7f7f0033"
        preview_stitch_edge="#ff00ff33"
        preview_stitch_vert="#0000ff33"
        preview_stitch_stitchable="#00ff00ff"
        preview_stitch_unstitchable="#ff0000ff"
        preview_stitch_active="#e1d2c323"
        uv_shadow="#707070ff"
        frame_current="#5680c2"
        metadatabg="#000000"
        metadatatext="#ffffff"
        handle_free="#000000"
        handle_auto="#909000"
        handle_align="#803060"
        handle_sel_free="#000000"
        handle_sel_auto="#f0ff40"
        handle_sel_align="#f090a0"
        handle_auto_clamped="#000000"
        handle_sel_auto_clamped="#000000"
        handle_vertex="#000000"
        handle_vertex_select="#ffff00"
        handle_vertex_size="5"
        paint_curve_handle="#7fff7f7f"
        paint_curve_pivot="#ff7f7f7f"
        >
        <space>
          <ThemeSpaceGeneric
            back="#d8d8d8"
            title="#000000"
            text="#000000"
            text_hi="#ffffff"
            header="#d8d8d8ff"
            header_text="#000000"
            header_text_hi="#ffffff"
            button="#ffffff00"
            button_title="#000000"
            button_text="#000000"
            button_text_hi="#000000"
            navigation_bar="#00000000"
            execution_buts="#00000000"
            tab_active="#76afff"
            tab_inactive="#ffffff"
            tab_back="#d8d8d8ff"
            tab_outline="#000000ff"
            >
            <panelcolors>
              <ThemePanelColors
                header="#d8d8d8ff"
                back="#ffffffcc"
                sub_back="#a4a4a424"
                >
              </ThemePanelColors>
            </panelcolors>
          </ThemeSpaceGeneric>
        </space>
      </ThemeImageEditor>
    </image_editor>
    <sequence_editor>
      <ThemeSequenceEditor
        grid="#000000"
        window_sliders="#a0a0a0"
        movie_strip="#516987"
        movieclip_strip="#20208f"
        image_strip="#6d5881"
        scene_strip="#4e983e"
        audio_strip="#2e8f8f"
        effect_strip="#a9547c"
        transition_strip="#50458f"
        color_strip="#8f8f8f"
        meta_strip="#6d9183"
        mask_strip="#666666"
        text_strip="#a29700"
        active_strip="#d9d9d9"
        selected_strip="#ff8f0d"
        frame_current="#5680c2"
        time_scrub_background="#d8d8d8ff"
        time_marker_line="#00000060"
        time_marker_line_selected="#ffffff60"
        keyframe="#ff8500"
        draw_action="#50c8ff"
        preview_back="#a4a4a4"
        metadatabg="#000000"
        metadatatext="#ffffff"
        preview_range="#a14d0066"
        row_alternate="#ffffff0d"
        >
        <space>
          <ThemeSpaceGeneric
            back="#ffffff"
            title="#000000"
            text="#000000"
            text_hi="#ffffff"
            header="#d8d8d8ff"
            header_text="#000000"
            header_text_hi="#ffffff"
            button="#ffffffff"
            button_title="#000000"
            button_text="#000000"
            button_text_hi="#000000"
            navigation_bar="#00000000"
            execution_buts="#00000000"
            tab_active="#76afff"
            tab_inactive="#ffffff"
            tab_back="#d8d8d8ff"
            tab_outline="#000000ff"
            >
            <panelcolors>
              <ThemePanelColors
                header="#d8d8d8ff"
                back="#ffffffcc"
                sub_back="#a4a4a424"
                >
              </ThemePanelColors>
            </panelcolors>
          </ThemeSpaceGeneric>
        </space>
        <space_list>
          <ThemeSpaceListGeneric
            list="#404040"
            list_title="#e4e4e4"
            list_text="#e4e4e4"
            list_text_hi="#e4e4e4"
            >
          </ThemeSpaceListGeneric>
        </space_list>
      </ThemeSequenceEditor>
    </sequence_editor>
    <properties>
      <ThemeProperties
        match="#5680c2"
        active_modifier="#5680c2ff"
        >
        <space>
          <ThemeSpaceGeneric
            back="#ffffff"
            title="#000000"
            text="#000000"
            text_hi="#ffffff"
            header="#d8d8d8ff"
            header_text="#000000"
            header_text_hi="#ffffff"
            button="#ffffffff"
            button_title="#000000"
            button_text="#000000"
            button_text_hi="#000000"
            navigation_bar="#d8d8d8ff"
            execution_buts="#00000000"
            tab_active="#76afff"
            tab_inactive="#ffffff"
            tab_back="#d8d8d8ff"
            tab_outline="#000000ff"
            >
            <panelcolors>
              <ThemePanelColors
                header="#d8d8d8ff"
                back="#ffffffcc"
                sub_back="#a4a4a424"
                >
              </ThemePanelColors>
            </panelcolors>
          </ThemeSpaceGeneric>
        </space>
      </ThemeProperties>
    </properties>
    <text_editor>
      <ThemeTextEditor
        line_numbers="#d0d0d0"
        line_numbers_background="#d8d8d8"
        selected_text="#f7f7ff"
        cursor="#ff0000"
        syntax_builtin="#ff1961"
        syntax_symbols="#ff734d"
        syntax_special="#5f8800"
        syntax_preprocessor="#ad80ff"
        syntax_reserved="#c4753b"
        syntax_comment="#939393"
        syntax_string="#b5a549"
        syntax_numbers="#50dbff"
        >
        <space>
          <ThemeSpaceGeneric
            back="#ffffff"
            title="#000000"
            text="#000000"
            text_hi="#ffffff"
            header="#d8d8d8ff"
            header_text="#000000"
            header_text_hi="#ffffff"
            button="#ffffffff"
            button_title="#000000"
            button_text="#000000"
            button_text_hi="#000000"
            navigation_bar="#00000000"
            execution_buts="#00000000"
            tab_active="#76afff"
            tab_inactive="#ffffff"
            tab_back="#d8d8d8ff"
            tab_outline="#000000ff"
            >
            <panelcolors>
              <ThemePanelColors
                header="#d8d8d8ff"
                back="#ffffffcc"
                sub_back="#a4a4a424"
                >
              </ThemePanelColors>
            </panelcolors>
          </ThemeSpaceGeneric>
        </space>
      </ThemeTextEditor>
    </text_editor>
    <node_editor>
      <ThemeNodeEditor
        grid="#cecece"
        node_selected="#f15800"
        node_active="#f15800"
        wire="#a7a7a7ff"
        wire_inner="#999999"
        wire_select="#ffa733b3"
        selected_text="#7f7070"
        node_backdrop="#e6e6e6ff"
        converter_node="#66c4ff"
        color_node="#ffcb4d"
        group_node="#59b36a"
        group_socket_node="#dfc300"
        frame_node="#9b9b9ba0"
        matte_node="#977474"
        distor_node="#749797"
        noodle_curving="0"
        grid_levels="3"
        dash_alpha="0.5"
        input_node="#ff6675"
        output_node="#ff6675"
        filter_node="#6c696f"
        vector_node="#9999ff"
        texture_node="#ffc399"
        shader_node="#a7ff99"
        script_node="#6c696f"
        pattern_node="#6c696f"
        layout_node="#6c696f"
        geometry_node="#5bf1cd"
        attribute_node="#9dbaf5"
        simulation_zone="#66416233"
        repeat_zone="#76512f33"
        >
        <space>
          <ThemeSpaceGeneric
            back="#ffffff"
            title="#000000"
            text="#000000"
            text_hi="#ffffff"
            header="#d8d8d8ff"
            header_text="#000000"
            header_text_hi="#ffffff"
            button="#ffffffff"
            button_title="#000000"
            button_text="#000000"
            button_text_hi="#000000"
            navigation_bar="#00000000"
            execution_buts="#00000000"
            tab_active="#76afff"
            tab_inactive="#ffffff"
            tab_back="#d8d8d8ff"
            tab_outline="#000000ff"
            >
            <panelcolors>
              <ThemePanelColors
                header="#d8d8d8ff"
                back="#ffffffcc"
                sub_back="#a4a4a424"
                >
              </ThemePanelColors>
            </panelcolors>
          </ThemeSpaceGeneric>
        </space>
        <space_list>
          <ThemeSpaceListGeneric
            list="#a5a5a5"
            list_title="#000000"
            list_text="#000000"
            list_text_hi="#ffffff"
            >
          </ThemeSpaceListGeneric>
        </space_list>
      </ThemeNodeEditor>
    </node_editor>
    <outliner>
      <ThemeOutliner
        match="#337f33"
        selected_highlight="#76afff"
        active="#3b5689"
        selected_object="#7d5454"
        active_object="#ad3535"
        edited_object="#0080624d"
        row_alternate="#ffffffff"
        >
        <space>
          <ThemeSpaceGeneric
            back="#d8d8d8"
            title="#000000"
            text="#000000"
            text_hi="#ffffff"
            header="#d8d8d8ff"
            header_text="#000000"
            header_text_hi="#ffffff"
            button="#ffffffff"
            button_title="#000000"
            button_text="#000000"
            button_text_hi="#000000"
            navigation_bar="#00000000"
            execution_buts="#00000000"
            tab_active="#76afff"
            tab_inactive="#ffffff"
            tab_back="#d8d8d8ff"
            tab_outline="#000000ff"
            >
            <panelcolors>
              <ThemePanelColors
                header="#d8d8d8ff"
                back="#ffffffcc"
                sub_back="#a4a4a424"
                >
              </ThemePanelColors>
            </panelcolors>
          </ThemeSpaceGeneric>
        </space>
      </ThemeOutliner>
    </outliner>
    <info>
      <ThemeInfo
        info_selected="#76afff"
        info_selected_text="#ffffff"
        info_error="#990000ff"
        info_error_text="#ffffff"
        info_warning="#b36a00ff"
        info_warning_text="#ffffff"
        info_info="#5e8bcbff"
        info_info_text="#ffffff"
        info_debug="#d3d3d3ff"
        info_debug_text="#000000"
        info_property="#3ace87ff"
        info_property_text="#ffffff"
        info_operator="#3ace87ff"
        info_operator_text="#ffffff"
        >
        <space>
          <ThemeSpaceGeneric
            back="#ffffff"
            title="#000000"
            text="#000000"
            text_hi="#ffffff"
            header="#d8d8d8ff"
            header_text="#000000"
            header_text_hi="#ffffff"
            button="#ffffffff"
            button_title="#000000"
            button_text="#000000"
            button_text_hi="#000000"
            navigation_bar="#00000000"
            execution_buts="#00000000"
            tab_active="#76afff"
            tab_inactive="#ffffff"
            tab_back="#d8d8d8ff"
            tab_outline="#000000ff"
            >
            <panelcolors>
              <ThemePanelColors
                header="#d8d8d8ff"
                back="#ffffffcc"
                sub_back="#a4a4a424"
                >
              </ThemePanelColors>
            </panelcolors>
          </ThemeSpaceGeneric>
        </space>
      </ThemeInfo>
    </info>
    <preferences>
      <ThemePreferences>
        <space>
          <ThemeSpaceGeneric
            back="#ffffff"
            title="#000000"
            text="#000000"
            text_hi="#ffffff"
            header="#d8d8d8ff"
            header_text="#000000"
            header_text_hi="#ffffff"
            button="#ffffffff"
            button_title="#000000"
            button_text="#000000"
            button_text_hi="#000000"
            navigation_bar="#d8d8d8ff"
            execution_buts="#d8d8d8ff"
            tab_active="#76afff"
            tab_inactive="#ffffff"
            tab_back="#d8d8d8ff"
            tab_outline="#000000ff"
            >
            <panelcolors>
              <ThemePanelColors
                header="#d8d8d8ff"
                back="#ffffffcc"
                sub_back="#a4a4a424"
                >
              </ThemePanelColors>
            </panelcolors>
          </ThemeSpaceGeneric>
        </space>
      </ThemePreferences>
    </preferences>
    <console>
      <ThemeConsole
        line_output="#6080ff"
        line_input="#ffffff"
        line_info="#00aa00"
        line_error="#dc6060"
        cursor="#dc6060"
        select="#ffffff30"
        >
        <space>
          <ThemeSpaceGeneric
            back="#000000"
            title="#000000"
            text="#000000"
            text_hi="#ffffff"
            header="#d8d8d8ff"
            header_text="#272727"
            header_text_hi="#ffffff"
            button="#7272727f"
            button_title="#000000"
            button_text="#000000"
            button_text_hi="#000000"
            navigation_bar="#00000000"
            execution_buts="#00000000"
            tab_active="#76afff"
            tab_inactive="#ffffff"
            tab_back="#d8d8d8ff"
            tab_outline="#000000ff"
            >
            <panelcolors>
              <ThemePanelColors
                header="#d8d8d8ff"
                back="#ffffffcc"
                sub_back="#a4a4a424"
                >
              </ThemePanelColors>
            </panelcolors>
          </ThemeSpaceGeneric>
        </space>
      </ThemeConsole>
    </console>
    <clip_editor>
      <ThemeClipEditor
        grid="#a4a4a438"
        marker_outline="#000000"
        marker="#7f7f00"
        active_marker="#ffffff"
        selected_marker="#ffff00"
        disabled_marker="#7f0000"
        locked_marker="#7f7f7f"
        path_before="#ff0000"
        path_after="#0000ff"
        path_keyframe_before="#ffc4c4"
        path_keyframe_after="#c4c4ff"
        frame_current="#5680c2"
        time_scrub_background="#d8d8d8ff"
        time_marker_line="#00000060"
        time_marker_line_selected="#ffffff60"
        strips="#0c0a0a"
        strips_selected="#ff8c00"
        metadatabg="#000000"
        metadatatext="#ffffff"
        handle_free="#000000"
        handle_auto="#909000"
        handle_align="#803060"
        handle_sel_free="#000000"
        handle_sel_auto="#f0ff40"
        handle_sel_align="#f090a0"
        handle_auto_clamped="#000000"
        handle_sel_auto_clamped="#000000"
        handle_vertex="#000000"
        handle_vertex_select="#ffff00"
        handle_vertex_size="5"
        >
        <space>
          <ThemeSpaceGeneric
            back="#d8d8d8"
            title="#000000"
            text="#000000"
            text_hi="#ffffff"
            header="#d8d8d8ff"
            header_text="#000000"
            header_text_hi="#ffffff"
            button="#ffffffff"
            button_title="#000000"
            button_text="#000000"
            button_text_hi="#000000"
            navigation_bar="#00000000"
            execution_buts="#00000000"
            tab_active="#76afff"
            tab_inactive="#ffffff"
            tab_back="#d8d8d8ff"
            tab_outline="#000000ff"
            >
            <panelcolors>
              <ThemePanelColors
                header="#d8d8d8ff"
                back="#ffffffcc"
                sub_back="#a4a4a424"
                >
              </ThemePanelColors>
            </panelcolors>
          </ThemeSpaceGeneric>
        </space>
        <space_list>
          <ThemeSpaceListGeneric
            list="#d8d8d8"
            list_title="#000000"
            list_text="#000000"
            list_text_hi="#ffffff"
            >
          </ThemeSpaceListGeneric>
        </space_list>
      </ThemeClipEditor>
    </clip_editor>
    <topbar>
      <ThemeTopBar>
        <space>
          <ThemeSpaceGeneric
            back="#ffffff"
            title="#000000"
            text="#000000"
            text_hi="#ffffff"
            header="#d8d8d8ff"
            header_text="#000000"
            header_text_hi="#ffffff"
            button="#2f303599"
            button_title="#ffffff"
            button_text="#000000"
            button_text_hi="#000000"
            navigation_bar="#00000000"
            execution_buts="#00000000"
            tab_active="#76afff"
            tab_inactive="#ffffff"
            tab_back="#d8d8d8ff"
            tab_outline="#000000ff"
            >
            <panelcolors>
              <ThemePanelColors
                header="#d8d8d8ff"
                back="#ffffffcc"
                sub_back="#a4a4a424"
                >
              </ThemePanelColors>
            </panelcolors>
          </ThemeSpaceGeneric>
        </space>
      </ThemeTopBar>
    </topbar>
    <statusbar>
      <ThemeStatusBar>
        <space>
          <ThemeSpaceGeneric
            back="#ffffff"
            title="#000000"
            text="#000000"
            text_hi="#ffffff"
            header="#d8d8d8ff"
            header_text="#000000"
            header_text_hi="#ffffff"
            button="#ffffffff"
            button_title="#000000"
            button_text="#000000"
            button_text_hi="#000000"
            navigation_bar="#00000000"
            execution_buts="#00000000"
            tab_active="#76afff"
            tab_inactive="#ffffff"
            tab_back="#d8d8d8ff"
            tab_outline="#000000ff"
            >
            <panelcolors>
              <ThemePanelColors
                header="#d8d8d8ff"
                back="#ffffffcc"
                sub_back="#a4a4a424"
                >
              </ThemePanelColors>
            </panelcolors>
          </ThemeSpaceGeneric>
        </space>
      </ThemeStatusBar>
    </statusbar>
    <spreadsheet>
      <ThemeSpreadsheet
        row_alternate="#ffffffff"
        >
        <space>
          <ThemeSpaceGeneric
            back="#d8d8d8"
            title="#000000"
            text="#000000"
            text_hi="#ffffff"
            header="#d8d8d8ff"
            header_text="#000000"
            header_text_hi="#ffffff"
            button="#ffffffff"
            button_title="#000000"
            button_text="#000000"
            button_text_hi="#000000"
            navigation_bar="#00000000"
            execution_buts="#00000000"
            tab_active="#76afff"
            tab_inactive="#ffffff"
            tab_back="#d8d8d8ff"
            tab_outline="#000000ff"
            >
            <panelcolors>
              <ThemePanelColors
                header="#d8d8d8ff"
                back="#ffffffcc"
                sub_back="#0000003e"
                >
              </ThemePanelColors>
            </panelcolors>
          </ThemeSpaceGeneric>
        </space>
        <space_list>
          <ThemeSpaceListGeneric
            list="#d8d8d8"
            list_title="#c3c3c3"
            list_text="#c3c3c3"
            list_text_hi="#00ffff"
            >
          </ThemeSpaceListGeneric>
        </space_list>
      </ThemeSpreadsheet>
    </spreadsheet>
    <bone_color_sets>
      <ThemeBoneColorSet
        normal="#9a0000"
        select="#bd1111"
        active="#f70a0a"
        show_colored_constraints="FALSE"
        >
      </ThemeBoneColorSet>
      <ThemeBoneColorSet
        normal="#f74018"
        select="#f66913"
        active="#fa9900"
        show_colored_constraints="FALSE"
        >
      </ThemeBoneColorSet>
      <ThemeBoneColorSet
        normal="#1e9109"
        select="#59b70b"
        active="#83ef1d"
        show_colored_constraints="FALSE"
        >
      </ThemeBoneColorSet>
      <ThemeBoneColorSet
        normal="#0a3694"
        select="#3667df"
        active="#5ec1ef"
        show_colored_constraints="FALSE"
        >
      </ThemeBoneColorSet>
      <ThemeBoneColorSet
        normal="#a9294e"
        select="#c1416a"
        active="#f05d91"
        show_colored_constraints="FALSE"
        >
      </ThemeBoneColorSet>
      <ThemeBoneColorSet
        normal="#430c78"
        select="#543aa3"
        active="#8764d5"
        show_colored_constraints="FALSE"
        >
      </ThemeBoneColorSet>
      <ThemeBoneColorSet
        normal="#24785a"
        select="#3c9579"
        active="#6fb6ab"
        show_colored_constraints="FALSE"
        >
      </ThemeBoneColorSet>
      <ThemeBoneColorSet
        normal="#4b707c"
        select="#6a8691"
        active="#9bc2cd"
        show_colored_constraints="FALSE"
        >
      </ThemeBoneColorSet>
      <ThemeBoneColorSet
        normal="#f4c90c"
        select="#eec236"
        active="#f3ff00"
        show_colored_constraints="FALSE"
        >
      </ThemeBoneColorSet>
      <ThemeBoneColorSet
        normal="#1e2024"
        select="#484c56"
        active="#ffffff"
        show_colored_constraints="FALSE"
        >
      </ThemeBoneColorSet>
      <ThemeBoneColorSet
        normal="#6f2f6a"
        select="#9845be"
        active="#d330d6"
        show_colored_constraints="FALSE"
        >
      </ThemeBoneColorSet>
      <ThemeBoneColorSet
        normal="#6c8e22"
        select="#7fb022"
        active="#bbef5b"
        show_colored_constraints="FALSE"
        >
      </ThemeBoneColorSet>
      <ThemeBoneColorSet
        normal="#8d8d8d"
        select="#b0b0b0"
        active="#dedede"
        show_colored_constraints="FALSE"
        >
      </ThemeBoneColorSet>
      <ThemeBoneColorSet
        normal="#834326"
        select="#8b5811"
        active="#bd6a11"
        show_colored_constraints="FALSE"
        >
      </ThemeBoneColorSet>
      <ThemeBoneColorSet
        normal="#08310e"
        select="#1c430b"
        active="#34622b"
        show_colored_constraints="FALSE"
        >
      </ThemeBoneColorSet>
      <ThemeBoneColorSet
        normal="#000000"
        select="#000000"
        active="#000000"
        show_colored_constraints="FALSE"
        >
      </ThemeBoneColorSet>
      <ThemeBoneColorSet
        normal="#000000"
        select="#000000"
        active="#000000"
        show_colored_constraints="FALSE"
        >
      </ThemeBoneColorSet>
      <ThemeBoneColorSet
        normal="#000000"
        select="#000000"
        active="#000000"
        show_colored_constraints="FALSE"
        >
      </ThemeBoneColorSet>
      <ThemeBoneColorSet
        normal="#000000"
        select="#000000"
        active="#000000"
        show_colored_constraints="FALSE"
        >
      </ThemeBoneColorSet>
      <ThemeBoneColorSet
        normal="#000000"
        select="#000000"
        active="#000000"
        show_colored_constraints="FALSE"
        >
      </ThemeBoneColorSet>
    </bone_color_sets>
    <collection_color>
      <ThemeCollectionColor
        color="#e2605b"
        >
      </ThemeCollectionColor>
      <ThemeCollectionColor
        color="#f1a355"
        >
      </ThemeCollectionColor>
      <ThemeCollectionColor
        color="#f1dc55"
        >
      </ThemeCollectionColor>
      <ThemeCollectionColor
        color="#7bcc7b"
        >
      </ThemeCollectionColor>
      <ThemeCollectionColor
        color="#5db6ea"
        >
      </ThemeCollectionColor>
      <ThemeCollectionColor
        color="#8d59da"
        >
      </ThemeCollectionColor>
      <ThemeCollectionColor
        color="#c673b8"
        >
      </ThemeCollectionColor>
      <ThemeCollectionColor
        color="#7a5441"
        >
      </ThemeCollectionColor>
    </collection_color>
    <strip_color>
      <ThemeStripColor
        color="#e2605b"
        >
      </ThemeStripColor>
      <ThemeStripColor
        color="#f1a355"
        >
      </ThemeStripColor>
      <ThemeStripColor
        color="#f1dc55"
        >
      </ThemeStripColor>
      <ThemeStripColor
        color="#7bcc7b"
        >
      </ThemeStripColor>
      <ThemeStripColor
        color="#5db6ea"
        >
      </ThemeStripColor>
      <ThemeStripColor
        color="#8d59da"
        >
      </ThemeStripColor>
      <ThemeStripColor
        color="#c673b8"
        >
      </ThemeStripColor>
      <ThemeStripColor
        color="#7a5441"
        >
      </ThemeStripColor>
      <ThemeStripColor
        color="#5f5f5f"
        >
      </ThemeStripColor>
    </strip_color>
  </Theme>
  <ThemeStyle>
    <panel_title>
      <ThemeFontStyle
        points="12"
        shadow="3"
        shadow_offset_x="0"
        shadow_offset_y="-1"
        shadow_alpha="0.3"
        shadow_value="0.7"
        >
      </ThemeFontStyle>
    </panel_title>
    <widget_label>
      <ThemeFontStyle
        points="11"
        shadow="3"
        shadow_offset_x="0"
        shadow_offset_y="-1"
        shadow_alpha="0.3"
        shadow_value="0.7"
        >
      </ThemeFontStyle>
    </widget_label>
    <widget>
      <ThemeFontStyle
        points="11"
        shadow="1"
        shadow_offset_x="0"
        shadow_offset_y="-1"
        shadow_alpha="0.3"
        shadow_value="0.7"
        >
      </ThemeFontStyle>
    </widget>
  </ThemeStyle>
</bpy>
