<bpy>
  <Theme>
    <user_interface>
      <ThemeUserInterface
        menu_shadow_fac="0.215574"
        menu_shadow_width="15"
        icon_alpha="1"
        icon_saturation="1"
        widget_emboss="#9e9e9e0d"
        editor_outline="#a5a5a5"
        widget_text_cursor="#ffac0d"
        panel_roundness="0.4"
        transparent_checker_primary="#ffffff"
        transparent_checker_secondary="#f0f0f0"
        transparent_checker_size="10"
        axis_x="#ff0900"
        axis_y="#93e700"
        axis_z="#007bff"
        gizmo_hi="#000000"
        gizmo_primary="#fab100"
        gizmo_secondary="#00e9e2"
        gizmo_view_align="#888888"
        gizmo_a="#4da84d"
        gizmo_b="#a33535"
        icon_scene="#505050ff"
        icon_collection="#696969ff"
        icon_object="#d66a00ff"
        icon_object_data="#005302ff"
        icon_modifier="#0023adff"
        icon_shading="#fc0000ff"
        icon_folder="#ffab00ff"
        icon_border_intensity="0"
        >
        <wcol_regular>
          <ThemeWidgetColors
            outline="#dbdbdbff"
            inner="#ffffffff"
            inner_sel="#2ba5ffff"
            item="#bbbbbbff"
            text="#3d3d3d"
            text_sel="#e2e2e2"
            show_shaded="FALSE"
            shadetop="0"
            shadedown="-5"
            roundness="0.53471"
            >
          </ThemeWidgetColors>
        </wcol_regular>
        <wcol_tool>
          <ThemeWidgetColors
            outline="#dbdbdbff"
            inner="#e7e7e7ff"
            inner_sel="#2ba5ffff"
            item="#4c4c4cff"
            text="#313131"
            text_sel="#ffffff"
            show_shaded="FALSE"
            shadetop="0"
            shadedown="-5"
            roundness="0.517903"
            >
          </ThemeWidgetColors>
        </wcol_tool>
        <wcol_toolbar_item>
          <ThemeWidgetColors
            outline="#cfcfcfff"
            inner="#ffffffff"
            inner_sel="#2ba5ffff"
            item="#080808ff"
            text="#313131"
            text_sel="#ffffff"
            show_shaded="FALSE"
            shadetop="0"
            shadedown="0"
            roundness="0.610632"
            >
          </ThemeWidgetColors>
        </wcol_toolbar_item>
        <wcol_radio>
          <ThemeWidgetColors
            outline="#f8f8f8ff"
            inner="#f1f1f1ff"
            inner_sel="#2ba5ffff"
            item="#4c4c4cff"
            text="#313131"
            text_sel="#ffffff"
            show_shaded="FALSE"
            shadetop="5"
            shadedown="-5"
            roundness="0.450676"
            >
          </ThemeWidgetColors>
        </wcol_radio>
        <wcol_text>
          <ThemeWidgetColors
            outline="#acacacff"
            inner="#ffffffff"
            inner_sel="#2ba5ffff"
            item="#4c4c4cff"
            text="#313131"
            text_sel="#ffffff"
            show_shaded="FALSE"
            shadetop="-3"
            shadedown="0"
            roundness="0.475886"
            >
          </ThemeWidgetColors>
        </wcol_text>
        <wcol_option>
          <ThemeWidgetColors
            outline="#9e9e9eff"
            inner="#ffffffff"
            inner_sel="#2ba5ffff"
            item="#ffffffff"
            text="#3f3f3f"
            text_sel="#313131"
            show_shaded="FALSE"
            shadetop="0"
            shadedown="-15"
            roundness="0.571429"
            >
          </ThemeWidgetColors>
        </wcol_option>
        <wcol_toggle>
          <ThemeWidgetColors
            outline="#acacacff"
            inner="#ffffffff"
            inner_sel="#2ba5ffff"
            item="#4c4c4cff"
            text="#313131"
            text_sel="#ffffff"
            show_shaded="FALSE"
            shadetop="0"
            shadedown="0"
            roundness="0.501096"
            >
          </ThemeWidgetColors>
        </wcol_toggle>
        <wcol_num>
          <ThemeWidgetColors
            outline="#cececeff"
            inner="#ffffffff"
            inner_sel="#2ba5ffff"
            item="#4c4c4cff"
            text="#313131"
            text_sel="#ffffff"
            show_shaded="FALSE"
            shadetop="0"
            shadedown="0"
            roundness="0.501096"
            >
          </ThemeWidgetColors>
        </wcol_num>
        <wcol_numslider>
          <ThemeWidgetColors
            outline="#cececeff"
            inner="#ffffffff"
            inner_sel="#bfe4ffff"
            item="#2ba5ffff"
            text="#313131"
            text_sel="#313131"
            show_shaded="FALSE"
            shadetop="-4"
            shadedown="0"
            roundness="0.522543"
            >
          </ThemeWidgetColors>
        </wcol_numslider>
        <wcol_box>
          <ThemeWidgetColors
            outline="#d8d8d8ff"
            inner="#ffffffff"
            inner_sel="#2ba5ffff"
            item="#4c4c4cff"
            text="#313131"
            text_sel="#ffffff"
            show_shaded="FALSE"
            shadetop="0"
            shadedown="0"
            roundness="0.53471"
            >
          </ThemeWidgetColors>
        </wcol_box>
        <wcol_menu>
          <ThemeWidgetColors
            outline="#d6d6d6ff"
            inner="#ffffffff"
            inner_sel="#2ba5ffff"
            item="#000000ff"
            text="#313131"
            text_sel="#ffffff"
            show_shaded="FALSE"
            shadetop="10"
            shadedown="-10"
            roundness="0.521008"
            >
          </ThemeWidgetColors>
        </wcol_menu>
        <wcol_pulldown>
          <ThemeWidgetColors
            outline="#ffffffff"
            inner="#ffffffff"
            inner_sel="#2492ffff"
            item="#ffffffff"
            text="#313131"
            text_sel="#ffffff"
            show_shaded="FALSE"
            shadetop="25"
            shadedown="-20"
            roundness="0"
            >
          </ThemeWidgetColors>
        </wcol_pulldown>
        <wcol_menu_back>
          <ThemeWidgetColors
            outline="#ddddddff"
            inner="#ffffffff"
            inner_sel="#59b9ffff"
            item="#ffffffff"
            text="#313131"
            text_sel="#313131"
            show_shaded="FALSE"
            shadetop="25"
            shadedown="-20"
            roundness="0.302521"
            >
          </ThemeWidgetColors>
        </wcol_menu_back>
        <wcol_pie_menu>
          <ThemeWidgetColors
            outline="#cececeff"
            inner="#ffffffff"
            inner_sel="#2ba5ffff"
            item="#2ba5ffff"
            text="#313131"
            text_sel="#ffffff"
            show_shaded="FALSE"
            shadetop="10"
            shadedown="-10"
            roundness="0.546219"
            >
          </ThemeWidgetColors>
        </wcol_pie_menu>
        <wcol_tooltip>
          <ThemeWidgetColors
            outline="#000000ff"
            inner="#000000ff"
            inner_sel="#59b9ffff"
            item="#19191aef"
            text="#ffffff"
            text_sel="#ffffff"
            show_shaded="FALSE"
            shadetop="25"
            shadedown="-20"
            roundness="0.1"
            >
          </ThemeWidgetColors>
        </wcol_tooltip>
        <wcol_menu_item>
          <ThemeWidgetColors
            outline="#00000000"
            inner="#ffffffff"
            inner_sel="#59b9ffff"
            item="#ffffff8f"
            text="#313131"
            text_sel="#ffffff"
            show_shaded="FALSE"
            shadetop="38"
            shadedown="0"
            roundness="0.282609"
            >
          </ThemeWidgetColors>
        </wcol_menu_item>
        <wcol_scroll>
          <ThemeWidgetColors
            outline="#757575ff"
            inner="#9b9b9bff"
            inner_sel="#59b9ffff"
            item="#ffffffff"
            text="#313131"
            text_sel="#8b8b8b"
            show_shaded="FALSE"
            shadetop="5"
            shadedown="-5"
            roundness="1"
            >
          </ThemeWidgetColors>
        </wcol_scroll>
        <wcol_progress>
          <ThemeWidgetColors
            outline="#bebebeff"
            inner="#ffffffff"
            inner_sel="#59b9ffff"
            item="#59b9ffff"
            text="#313131"
            text_sel="#ffffff"
            show_shaded="FALSE"
            shadetop="0"
            shadedown="0"
            roundness="0.282609"
            >
          </ThemeWidgetColors>
        </wcol_progress>
        <wcol_list_item>
          <ThemeWidgetColors
            outline="#2d2d2dff"
            inner="#ffffffff"
            inner_sel="#59b9ffff"
            item="#b3b3b3ff"
            text="#4e4e4e"
            text_sel="#000000"
            show_shaded="FALSE"
            shadetop="0"
            shadedown="0"
            roundness="0.282609"
            >
          </ThemeWidgetColors>
        </wcol_list_item>
        <wcol_state>
          <ThemeWidgetStateColors
            inner_anim="#86e270"
            inner_anim_sel="#97ff80"
            inner_key="#ffbd11"
            inner_key_sel="#ffe73a"
            inner_driven="#cd7cf3"
            inner_driven_sel="#d193e6"
            inner_overridden="#5ef5f5"
            inner_overridden_sel="#8cffff"
            inner_changed="#ffa25d"
            inner_changed_sel="#ffc193"
            blend="1"
            >
          </ThemeWidgetStateColors>
        </wcol_state>
        <wcol_tab>
          <ThemeWidgetColors
            outline="#e9e9e9ff"
            inner="#f5f5f5ff"
            inner_sel="#59b9ffff"
            item="#2d2d2dff"
            text="#313131"
            text_sel="#000000"
            show_shaded="FALSE"
            shadetop="0"
            shadedown="-19"
            roundness="0.282609"
            >
          </ThemeWidgetColors>
        </wcol_tab>
      </ThemeUserInterface>
    </user_interface>
    <view_3d>
      <ThemeView3D
        grid="#b2b2b253"
        clipping_border_3d="#fafafaff"
        wire="#313131"
        wire_edit="#575757"
        edge_width="1"
        gp_vertex="#000000"
        gp_vertex_select="#ff8500"
        gp_vertex_size="3"
        text_grease_pencil="#ffa028"
        object_selected="#ed5700"
        object_active="#ffa028"
        text_keyframe="#ddd700"
        camera="#4c4c4c"
        empty="#282926"
        light="#722f0037"
        speaker="#334635"
        vertex="#000000"
        vertex_select="#ff7f00"
        vertex_active="#000000"
        vertex_size="3"
        vertex_bevel="#00a5ff"
        vertex_unreferenced="#525252"
        edge_select="#ffa000"
        edge_seam="#9f09db"
        edge_sharp="#356cff"
        edge_crease="#ff3a3a"
        edge_bevel="#1c864c"
        edge_facesel="#4b4b4b"
        freestyle_edge_mark="#7fff7f"
        face="#00000010"
        face_select="#ff850024"
        face_dot="#ff8500"
        facedot_size="3"
        freestyle_face_mark="#7fff7f2b"
        face_retopology="#50c8ff1e"
        face_back="#ff000080"
        face_front="#ffffff00"
        nurb_uline="#909000"
        nurb_vline="#803060"
        nurb_sel_uline="#a6b12c"
        nurb_sel_vline="#d4808e"
        act_spline="#db2512"
        handle_free="#000000"
        handle_auto="#909000"
        handle_vect="#409030"
        handle_sel_vect="#40c030"
        handle_align="#803060"
        handle_sel_free="#000000"
        handle_sel_auto="#f0ff40"
        handle_sel_align="#f090a0"
        lastsel_point="#ffaf00"
        extra_edge_len="#150806"
        extra_edge_angle="#4d4d00"
        extra_face_angle="#0000cc"
        extra_face_area="#004d00"
        editmesh_active="#ffe2656c"
        normal="#22dddd"
        vertex_normal="#2361dd"
        split_normal="#dd23dd"
        bone_pose="#50c8ff"
        bone_pose_active="#8cffff"
        bone_solid="#c8c8c8"
        bone_locked_weight="#ff000080"
        bundle_solid="#c8c8c8"
        camera_path="#000000"
        camera_passepartout="#000000"
        skin_root="#b44d4d"
        view_overlay="#000000"
        transform="#000000"
        frame_current="#60c040"
        paint_curve_handle="#7fff7f7f"
        paint_curve_pivot="#ff7f7f7f"
        outline_width="1"
        object_origin_size="6"
        >
        <space>
          <ThemeSpaceGradient
            title="#eeeeee"
            text="#313131"
            text_hi="#ffffff"
            header="#ffffff00"
            header_text="#000000"
            header_text_hi="#000000"
            button="#ffffff00"
            button_title="#000000"
            button_text="#0e0e0e"
            button_text_hi="#000000"
            navigation_bar="#00000000"
            execution_buts="#00000000"
            tab_active="#59b9ff"
            tab_inactive="#fafafa"
            tab_back="#ddddddff"
            tab_outline="#cececeff"
            >
            <gradients>
              <ThemeGradientColors
                background_type="SINGLE_COLOR"
                high_gradient="#ffffff"
                gradient="#ffffff"
                >
              </ThemeGradientColors>
            </gradients>
            <panelcolors>
              <ThemePanelColors
                header="#ffffff43"
                back="#f8f8f8ff"
                sub_back="#00000007"
                >
              </ThemePanelColors>
            </panelcolors>
          </ThemeSpaceGradient>
        </space>
        <asset_shelf>
          <ThemeAssetShelf
            header_back="#1d1d1dff"
            back="#303030ff"
            >
          </ThemeAssetShelf>
        </asset_shelf>
      </ThemeView3D>
    </view_3d>
    <graph_editor>
      <ThemeGraphEditor
        grid="#b9d2ef"
        frame_current="#0074e8"
        time_scrub_background="#bae2ffca"
        time_marker_line="#00000060"
        time_marker_line_selected="#ffa60060"
        window_sliders="#a7a7a7"
        channels_region="#ffffff"
        dopesheet_channel="#0074e8"
        dopesheet_subchannel="#72ade8"
        channel_group="#94d49d"
        active_channels_group="#5ea86f"
        preview_range="#a14d0066"
        vertex="#000000"
        vertex_select="#ff8500"
        vertex_active="#ffffff"
        vertex_size="6"
        vertex_bevel="#000000"
        vertex_unreferenced="#000000"
        handle_free="#000000"
        handle_auto="#909000"
        handle_vect="#409030"
        handle_sel_vect="#40c030"
        handle_align="#803060"
        handle_sel_free="#000000"
        handle_sel_auto="#dda700"
        handle_sel_align="#f090a0"
        handle_auto_clamped="#994030"
        handle_sel_auto_clamped="#f0af90"
        lastsel_point="#000000"
        handle_vertex="#000000"
        handle_vertex_select="#ff8500"
        handle_vertex_size="5"
        >
        <space>
          <ThemeSpaceGeneric
            back="#e2f2ff"
            title="#313131"
            text="#313131"
            text_hi="#202020"
            header="#ffffffff"
            header_text="#202020"
            header_text_hi="#313131"
            button="#ffffff00"
            button_title="#000000"
            button_text="#141414"
            button_text_hi="#000000"
            navigation_bar="#00000000"
            execution_buts="#00000000"
            tab_active="#59b9ff"
            tab_inactive="#fafafa"
            tab_back="#ddddddff"
            tab_outline="#cececeff"
            >
            <panelcolors>
              <ThemePanelColors
                header="#ffffff43"
                back="#f8f8f8ff"
                sub_back="#00000007"
                >
              </ThemePanelColors>
            </panelcolors>
          </ThemeSpaceGeneric>
        </space>
        <space_list>
          <ThemeSpaceListGeneric
            list="#ffffff"
            list_title="#000000"
            list_text="#000000"
            list_text_hi="#050505"
            >
          </ThemeSpaceListGeneric>
        </space_list>
      </ThemeGraphEditor>
    </graph_editor>
    <file_browser>
      <ThemeFileBrowser
        selected_file="#0082ff"
        row_alternate="#00000007"
        >
        <space>
          <ThemeSpaceGeneric
            back="#ffffff"
            title="#000000"
            text="#252525"
            text_hi="#000000"
            header="#ffffffff"
            header_text="#eeeeee"
            header_text_hi="#000000"
            button="#ffffffff"
            button_title="#000000"
            button_text="#3a3a3a"
            button_text_hi="#000000"
            navigation_bar="#00000000"
            execution_buts="#ffffffff"
            tab_active="#59b9ff"
            tab_inactive="#fafafa"
            tab_back="#ddddddff"
            tab_outline="#cececeff"
            >
            <panelcolors>
              <ThemePanelColors
                header="#ffffff12"
                back="#f8f8f8ff"
                sub_back="#00000007"
                >
              </ThemePanelColors>
            </panelcolors>
          </ThemeSpaceGeneric>
        </space>
      </ThemeFileBrowser>
    </file_browser>
    <nla_editor>
      <ThemeNLAEditor
        grid="#cacaca"
        view_sliders="#cfcfcf"
        dopesheet_channel="#5a85b2"
        nla_track="#424242"
        active_action="#cc701a66"
        active_action_unset="#9987614d"
        preview_range="#a14d0066"
        strips="#ffb243"
        strips_selected="#ff8c00"
        transition_strips="#8cb2db"
        transition_strips_selected="#2e75db"
        meta_strips="#bd8ff6"
        meta_strips_selected="#b37fdd"
        sound_strips="#83b9b9"
        sound_strips_selected="#1f7a7a"
        tweak="#4df31a"
        tweak_duplicate="#d90000"
        keyframe_border="#292929ff"
        keyframe_border_selected="#1f1f1fff"
        frame_current="#0074e8"
        time_scrub_background="#bae2ffca"
        time_marker_line="#00000060"
        time_marker_line_selected="#ffa60060"
        >
        <space>
          <ThemeSpaceGeneric
            back="#ffffff"
            title="#313131"
            text="#313131"
            text_hi="#313131"
            header="#ffffffff"
            header_text="#313131"
            header_text_hi="#000000"
            button="#ffffff00"
            button_title="#000000"
            button_text="#313131"
            button_text_hi="#000000"
            navigation_bar="#00000000"
            execution_buts="#00000000"
            tab_active="#59b9ff"
            tab_inactive="#fafafa"
            tab_back="#ddddddff"
            tab_outline="#cececeff"
            >
            <panelcolors>
              <ThemePanelColors
                header="#ffffff43"
                back="#f8f8f8ff"
                sub_back="#00000007"
                >
              </ThemePanelColors>
            </panelcolors>
          </ThemeSpaceGeneric>
        </space>
        <space_list>
          <ThemeSpaceListGeneric
            list="#e7e7e7"
            list_title="#000000"
            list_text="#000000"
            list_text_hi="#000000"
            >
          </ThemeSpaceListGeneric>
        </space_list>
      </ThemeNLAEditor>
    </nla_editor>
    <dopesheet_editor>
      <ThemeDopeSheet
        grid="#bbbbbb"
        frame_current="#0074e8"
        time_scrub_background="#bae2ffca"
        time_marker_line="#00000060"
        time_marker_line_selected="#ffa60060"
        value_sliders="#3b3b3b"
        view_sliders="#c0c0c0"
        dopesheet_channel="#76bbff24"
        dopesheet_subchannel="#b0f2ff24"
        channels="#c0c0c031"
        channels_selected="#8a8a8a31"
        channel_group="#94d49d37"
        active_channels_group="#5ea86f28"
        long_key="#00000049"
        long_key_selected="#ff8c00cc"
        keyframe="#ffffff"
        keyframe_selected="#ffbe33"
        keyframe_extreme="#e8b3cc"
        keyframe_extreme_selected="#f28080"
        keyframe_breakdown="#b3dbe8"
        keyframe_breakdown_selected="#54bfed"
        keyframe_jitter="#94e575"
        keyframe_jitter_selected="#61c042"
        keyframe_movehold="#ccc1c1"
        keyframe_movehold_selected="#ffaf23"
        keyframe_border="#5f5f5fff"
        keyframe_border_selected="#242424ff"
        keyframe_scale_factor="1"
        summary="#288fe859"
        preview_range="#a14d0037"
        interpolation_line="#94e575cc"
        simulated_frames="#721e65ff"
        >
        <space>
          <ThemeSpaceGeneric
            back="#ffffff"
            title="#313131"
            text="#313131"
            text_hi="#313131"
            header="#ffffffff"
            header_text="#1f1f1f"
            header_text_hi="#000000"
            button="#ffffff00"
            button_title="#000000"
            button_text="#e5e5e5"
            button_text_hi="#000000"
            navigation_bar="#00000000"
            execution_buts="#00000000"
            tab_active="#59b9ff"
            tab_inactive="#fafafa"
            tab_back="#ddddddff"
            tab_outline="#cececeff"
            >
            <panelcolors>
              <ThemePanelColors
                header="#ffffff43"
                back="#f8f8f8ff"
                sub_back="#00000007"
                >
              </ThemePanelColors>
            </panelcolors>
          </ThemeSpaceGeneric>
        </space>
        <space_list>
          <ThemeSpaceListGeneric
            list="#d6d6d6"
            list_title="#000000"
            list_text="#000000"
            list_text_hi="#000000"
            >
          </ThemeSpaceListGeneric>
        </space_list>
      </ThemeDopeSheet>
    </dopesheet_editor>
    <image_editor>
      <ThemeImageEditor
        grid="#ffffffff"
        vertex="#000000"
        vertex_select="#ff8500"
        vertex_active="#000000"
        vertex_size="3"
        vertex_bevel="#000000"
        vertex_unreferenced="#000000"
        face="#bbbbbb0a"
        face_select="#ff85003c"
        face_dot="#ff8500"
        facedot_size="3"
        freestyle_face_mark="#7fff7f33"
        face_retopology="#50c8ff1e"
        face_back="#00000000"
        face_front="#00000000"
        editmesh_active="#ffffff80"
        wire_edit="#dadada"
        edge_width="1"
        edge_select="#ff8500"
        scope_back="#727272ff"
        preview_stitch_face="#7f7f0033"
        preview_stitch_edge="#ff00ff33"
        preview_stitch_vert="#0000ff33"
        preview_stitch_stitchable="#00ff00ff"
        preview_stitch_unstitchable="#ff0000ff"
        preview_stitch_active="#e1d2c323"
        uv_shadow="#707070ff"
        frame_current="#60c040"
        metadatabg="#000000"
        metadatatext="#000000"
        handle_free="#771c0d"
        handle_auto="#909000"
        handle_align="#803060"
        handle_sel_free="#b2574b"
        handle_sel_auto="#f0ff40"
        handle_sel_align="#f090a0"
        handle_auto_clamped="#000000"
        handle_sel_auto_clamped="#000000"
        handle_vertex="#000000"
        handle_vertex_select="#ffff00"
        handle_vertex_size="5"
        paint_curve_handle="#7fff7f7f"
        paint_curve_pivot="#ff7f7f7f"
        >
        <space>
          <ThemeSpaceGeneric
            back="#e9e9e9"
            title="#313131"
            text="#313131"
            text_hi="#ffffff"
            header="#ffffffff"
            header_text="#eeeeee"
            header_text_hi="#000000"
            button="#ffffffd0"
            button_title="#000000"
            button_text="#3a3a3a"
            button_text_hi="#000000"
            navigation_bar="#00000000"
            execution_buts="#00000000"
            tab_active="#59b9ff"
            tab_inactive="#fafafa"
            tab_back="#ddddddff"
            tab_outline="#cececeff"
            >
            <panelcolors>
              <ThemePanelColors
                header="#ffffff43"
                back="#f8f8f8ff"
                sub_back="#00000007"
                >
              </ThemePanelColors>
            </panelcolors>
          </ThemeSpaceGeneric>
        </space>
      </ThemeImageEditor>
    </image_editor>
    <sequence_editor>
      <ThemeSequenceEditor
        grid="#404040"
        window_sliders="#a0a0a0"
        movie_strip="#8bb5e9"
        movieclip_strip="#6a76da"
        image_strip="#c9a4f1"
        scene_strip="#67ca56"
        audio_strip="#3ebebe"
        effect_strip="#dd6ea2"
        transition_strip="#50458f"
        color_strip="#8f8f8f"
        meta_strip="#6d9183"
        mask_strip="#666666"
        text_strip="#dbda79"
        active_strip="#ffbb00"
        selected_strip="#ff7020"
        frame_current="#0074e8"
        time_scrub_background="#bae2ffca"
        time_marker_line="#00000060"
        time_marker_line_selected="#ffa60060"
        keyframe="#ff8500"
        draw_action="#50c8ff"
        preview_back="#b4b4b4"
        metadatabg="#e2e2e2"
        metadatatext="#747474"
        preview_range="#a14d0066"
        row_alternate="#ffffff0d"
        >
        <space>
          <ThemeSpaceGeneric
            back="#ffffff"
            title="#313131"
            text="#313131"
            text_hi="#313131"
            header="#ffffffff"
            header_text="#3a3a3a"
            header_text_hi="#000000"
            button="#ffffff00"
            button_title="#000000"
            button_text="#000000"
            button_text_hi="#000000"
            navigation_bar="#ffffff00"
            execution_buts="#00000000"
            tab_active="#59b9ff"
            tab_inactive="#fafafa"
            tab_back="#ddddddff"
            tab_outline="#cececeff"
            >
            <panelcolors>
              <ThemePanelColors
                header="#ffffff43"
                back="#f8f8f8ff"
                sub_back="#00000007"
                >
              </ThemePanelColors>
            </panelcolors>
          </ThemeSpaceGeneric>
        </space>
        <space_list>
          <ThemeSpaceListGeneric
            list="#404040"
            list_title="#e4e4e4"
            list_text="#e4e4e4"
            list_text_hi="#e4e4e4"
            >
          </ThemeSpaceListGeneric>
        </space_list>
      </ThemeSequenceEditor>
    </sequence_editor>
    <properties>
      <ThemeProperties
        match="#5680c2"
        active_modifier="#5680c2ff"
        >
        <space>
          <ThemeSpaceGeneric
            back="#ffffff"
            title="#000000"
            text="#000000"
            text_hi="#000000"
            header="#ffffffff"
            header_text="#383838"
            header_text_hi="#000000"
            button="#ffffffff"
            button_title="#000000"
            button_text="#3a3a3a"
            button_text_hi="#000000"
            navigation_bar="#dadadaff"
            execution_buts="#00000000"
            tab_active="#ffffff"
            tab_inactive="#e4e4e4"
            tab_back="#cececeff"
            tab_outline="#cececeff"
            >
            <panelcolors>
              <ThemePanelColors
                header="#ffffff12"
                back="#f8f8f8ff"
                sub_back="#00000007"
                >
              </ThemePanelColors>
            </panelcolors>
          </ThemeSpaceGeneric>
        </space>
      </ThemeProperties>
    </properties>
    <text_editor>
      <ThemeTextEditor
        line_numbers="#c0c0c0"
        line_numbers_background="#f6f6fd"
        selected_text="#b6c4ce"
        cursor="#ff9100"
        syntax_builtin="#ff1961"
        syntax_symbols="#ee6d49"
        syntax_special="#7fb800"
        syntax_preprocessor="#ad80ff"
        syntax_reserved="#c4753b"
        syntax_comment="#a8a8a8"
        syntax_string="#c9941d"
        syntax_numbers="#0d9bc2"
        >
        <space>
          <ThemeSpaceGeneric
            back="#ffffff"
            title="#313131"
            text="#000000"
            text_hi="#313131"
            header="#ffffff00"
            header_text="#eeeeee"
            header_text_hi="#000000"
            button="#ffffff00"
            button_title="#000000"
            button_text="#3a3a3a"
            button_text_hi="#000000"
            navigation_bar="#00000000"
            execution_buts="#00000000"
            tab_active="#59b9ff"
            tab_inactive="#fafafa"
            tab_back="#ddddddff"
            tab_outline="#cececeff"
            >
            <panelcolors>
              <ThemePanelColors
                header="#ffffff43"
                back="#f8f8f8ff"
                sub_back="#00000007"
                >
              </ThemePanelColors>
            </panelcolors>
          </ThemeSpaceGeneric>
        </space>
      </ThemeTextEditor>
    </text_editor>
    <node_editor>
      <ThemeNodeEditor
        grid="#ededed"
        node_selected="#003bc9"
        node_active="#0030ff"
        wire="#999999ff"
        wire_inner="#f1efff"
        wire_select="#0099ffb3"
        selected_text="#7f7070"
        node_backdrop="#d3edffff"
        converter_node="#66c4ff"
        color_node="#ffe74d"
        group_node="#8fdb58"
        group_socket_node="#1a1a1a"
        frame_node="#009eff12"
        matte_node="#975b5b"
        distor_node="#c5ffff"
        noodle_curving="3"
        grid_levels="3"
        dash_alpha="0.5"
        input_node="#ff4e5d"
        output_node="#0081ff"
        filter_node="#b09bff"
        vector_node="#9b80ff"
        texture_node="#ff964b"
        shader_node="#4fff8b"
        script_node="#14c2c2"
        pattern_node="#bbb8c0"
        layout_node="#c6bfc9"
        geometry_node="#5bf1cd"
        attribute_node="#9dbaf5"
        simulation_zone="#66416233"
        repeat_zone="#76512f33"
        >
        <space>
          <ThemeSpaceGeneric
            back="#edf7ff"
            title="#ffffff"
            text="#272727"
            text_hi="#686868"
            header="#ffffffff"
            header_text="#353535"
            header_text_hi="#000000"
            button="#ffffff00"
            button_title="#000000"
            button_text="#252525"
            button_text_hi="#000000"
            navigation_bar="#00000000"
            execution_buts="#00000000"
            tab_active="#59b9ff"
            tab_inactive="#fafafa"
            tab_back="#ddddddff"
            tab_outline="#cececeff"
            >
            <panelcolors>
              <ThemePanelColors
                header="#ffffff12"
                back="#f8f8f8ff"
                sub_back="#00000007"
                >
              </ThemePanelColors>
            </panelcolors>
          </ThemeSpaceGeneric>
        </space>
        <space_list>
          <ThemeSpaceListGeneric
            list="#2e2e2e"
            list_title="#000000"
            list_text="#cccccc"
            list_text_hi="#000000"
            >
          </ThemeSpaceListGeneric>
        </space_list>
      </ThemeNodeEditor>
    </node_editor>
    <outliner>
      <ThemeOutliner
        match="#0088ff"
        selected_highlight="#b0deff"
        active="#59b9ff"
        selected_object="#e95900"
        active_object="#ffffff"
        edited_object="#85fcffff"
        row_alternate="#00000007"
        >
        <space>
          <ThemeSpaceGeneric
            back="#ffffff"
            title="#000000"
            text="#000000"
            text_hi="#ffffff"
            header="#ffffffff"
            header_text="#000000"
            header_text_hi="#000000"
            button="#ffffffff"
            button_title="#000000"
            button_text="#3a3a3a"
            button_text_hi="#000000"
            navigation_bar="#ffffff00"
            execution_buts="#00000000"
            tab_active="#59b9ff"
            tab_inactive="#fafafa"
            tab_back="#ddddddff"
            tab_outline="#cececeff"
            >
            <panelcolors>
              <ThemePanelColors
                header="#ffffff12"
                back="#f8f8f8ff"
                sub_back="#00000007"
                >
              </ThemePanelColors>
            </panelcolors>
          </ThemeSpaceGeneric>
        </space>
      </ThemeOutliner>
    </outliner>
    <info>
      <ThemeInfo
        info_selected="#2ba5ff"
        info_selected_text="#ffffff"
        info_error="#e90000ff"
        info_error_text="#ffffff"
        info_warning="#f5bc41ff"
        info_warning_text="#ffffff"
        info_info="#53bb00ff"
        info_info_text="#ffffff"
        info_debug="#7a7a7aff"
        info_debug_text="#ffffff"
        info_property="#0bdb65ff"
        info_property_text="#ffffff"
        info_operator="#00cea3ff"
        info_operator_text="#ffffff"
        >
        <space>
          <ThemeSpaceGeneric
            back="#ffffff"
            title="#eeeeee"
            text="#000000"
            text_hi="#000000"
            header="#ffffffff"
            header_text="#3a3a3a"
            header_text_hi="#000000"
            button="#ffffffff"
            button_title="#000000"
            button_text="#3a3a3a"
            button_text_hi="#000000"
            navigation_bar="#00000000"
            execution_buts="#00000000"
            tab_active="#59b9ff"
            tab_inactive="#fafafa"
            tab_back="#ddddddff"
            tab_outline="#cececeff"
            >
            <panelcolors>
              <ThemePanelColors
                header="#ffffff12"
                back="#f8f8f8ff"
                sub_back="#00000007"
                >
              </ThemePanelColors>
            </panelcolors>
          </ThemeSpaceGeneric>
        </space>
      </ThemeInfo>
    </info>
    <preferences>
      <ThemePreferences>
        <space>
          <ThemeSpaceGeneric
            back="#ffffff"
            title="#3a3a3a"
            text="#363636"
            text_hi="#4c4c4c"
            header="#ffffffff"
            header_text="#363636"
            header_text_hi="#ffffff"
            button="#424242ff"
            button_title="#ffffff"
            button_text="#e5e5e5"
            button_text_hi="#ffffff"
            navigation_bar="#ffffffff"
            execution_buts="#ffffffff"
            tab_active="#4b4b4b"
            tab_inactive="#2b2b2b"
            tab_back="#232323ff"
            tab_outline="#232323ff"
            >
            <panelcolors>
              <ThemePanelColors
                header="#ffffff12"
                back="#f8f8f8ff"
                sub_back="#00000007"
                >
              </ThemePanelColors>
            </panelcolors>
          </ThemeSpaceGeneric>
        </space>
      </ThemePreferences>
    </preferences>
    <console>
      <ThemeConsole
        line_output="#2f69c5"
        line_input="#3f3f3f"
        line_info="#6d9900"
        line_error="#cc005f"
        cursor="#ff9100"
        select="#00000030"
        >
        <space>
          <ThemeSpaceGeneric
            back="#ffffff"
            title="#ffffff"
            text="#000000"
            text_hi="#000000"
            header="#ffffffff"
            header_text="#3a3a3a"
            header_text_hi="#000000"
            button="#ffffffff"
            button_title="#000000"
            button_text="#3a3a3a"
            button_text_hi="#000000"
            navigation_bar="#00000000"
            execution_buts="#00000000"
            tab_active="#59b9ff"
            tab_inactive="#fafafa"
            tab_back="#ddddddff"
            tab_outline="#cececeff"
            >
            <panelcolors>
              <ThemePanelColors
                header="#ffffff12"
                back="#f8f8f8ff"
                sub_back="#00000007"
                >
              </ThemePanelColors>
            </panelcolors>
          </ThemeSpaceGeneric>
        </space>
      </ThemeConsole>
    </console>
    <clip_editor>
      <ThemeClipEditor
        grid="#d3d3d323"
        marker_outline="#444444"
        marker="#7f7f00"
        active_marker="#fff097"
        selected_marker="#ffad00"
        disabled_marker="#c54442"
        locked_marker="#7f7f7f"
        path_before="#ff0000"
        path_after="#0000ff"
        path_keyframe_before="#ffc4c4"
        path_keyframe_after="#c4c4ff"
        frame_current="#0074e8"
        time_scrub_background="#bae2ffca"
        time_marker_line="#00000060"
        time_marker_line_selected="#ffa60060"
        strips="#a7a39f"
        strips_selected="#ff8c00"
        metadatabg="#ffffff"
        metadatatext="#7f7f7f"
        handle_free="#000000"
        handle_auto="#ad8300"
        handle_align="#ca4c98"
        handle_sel_free="#7f7f7f"
        handle_sel_auto="#dda700"
        handle_sel_align="#f090a0"
        handle_auto_clamped="#519931"
        handle_sel_auto_clamped="#63bb3d"
        handle_vertex="#7f7f7f"
        handle_vertex_select="#ff9c00"
        handle_vertex_size="5"
        >
        <space>
          <ThemeSpaceGeneric
            back="#ffffff"
            title="#eeeeee"
            text="#444444"
            text_hi="#000000"
            header="#ffffffff"
            header_text="#eeeeee"
            header_text_hi="#000000"
            button="#ffffffff"
            button_title="#5c5c5c"
            button_text="#3a3a3a"
            button_text_hi="#000000"
            navigation_bar="#00000000"
            execution_buts="#00000000"
            tab_active="#59b9ff"
            tab_inactive="#fafafa"
            tab_back="#ddddddff"
            tab_outline="#cececeff"
            >
            <panelcolors>
              <ThemePanelColors
                header="#ffffff12"
                back="#f8f8f8ff"
                sub_back="#00000007"
                >
              </ThemePanelColors>
            </panelcolors>
          </ThemeSpaceGeneric>
        </space>
        <space_list>
          <ThemeSpaceListGeneric
            list="#d6d6d6"
            list_title="#585858"
            list_text="#414141"
            list_text_hi="#ffa10e"
            >
          </ThemeSpaceListGeneric>
        </space_list>
      </ThemeClipEditor>
    </clip_editor>
    <topbar>
      <ThemeTopBar>
        <space>
          <ThemeSpaceGeneric
            back="#ffffff"
            title="#000000"
            text="#000000"
            text_hi="#000000"
            header="#ffce67ff"
            header_text="#3a3a3a"
            header_text_hi="#000000"
            button="#ffffffff"
            button_title="#000000"
            button_text="#3a3a3a"
            button_text_hi="#000000"
            navigation_bar="#00000000"
            execution_buts="#00000000"
            tab_active="#ffffff"
            tab_inactive="#ffffff"
            tab_back="#ffffffff"
            tab_outline="#000000ff"
            >
            <panelcolors>
              <ThemePanelColors
                header="#ffffff12"
                back="#f8f8f8ff"
                sub_back="#00000007"
                >
              </ThemePanelColors>
            </panelcolors>
          </ThemeSpaceGeneric>
        </space>
      </ThemeTopBar>
    </topbar>
    <statusbar>
      <ThemeStatusBar>
        <space>
          <ThemeSpaceGeneric
            back="#2e2e2e"
            title="#000000"
            text="#838383"
            text_hi="#000000"
            header="#ebebebff"
            header_text="#363636"
            header_text_hi="#000000"
            button="#353535ff"
            button_title="#000000"
            button_text="#3a3a3a"
            button_text_hi="#000000"
            navigation_bar="#00000000"
            execution_buts="#00000000"
            tab_active="#ffffff"
            tab_inactive="#e4e4e4"
            tab_back="#cececeff"
            tab_outline="#cececeff"
            >
            <panelcolors>
              <ThemePanelColors
                header="#ffffff12"
                back="#f8f8f8ff"
                sub_back="#00000007"
                >
              </ThemePanelColors>
            </panelcolors>
          </ThemeSpaceGeneric>
        </space>
      </ThemeStatusBar>
    </statusbar>
    <spreadsheet>
      <ThemeSpreadsheet
        row_alternate="#00000007"
        >
        <space>
          <ThemeSpaceGeneric
            back="#ffffff"
            title="#ffffff"
            text="#000000"
            text_hi="#ffffff"
            header="#fafafaff"
            header_text="#000000"
            header_text_hi="#ffffff"
            button="#ffffffff"
            button_title="#ffffff"
            button_text="#000000"
            button_text_hi="#000000"
            navigation_bar="#ffffff00"
            execution_buts="#e0e0e000"
            tab_active="#ffffff"
            tab_inactive="#e0e0e0"
            tab_back="#212121ff"
            tab_outline="#232323ff"
            >
            <panelcolors>
              <ThemePanelColors
                header="#d1d1d1cc"
                back="#f0f0f0b3"
                sub_back="#0000003e"
                >
              </ThemePanelColors>
            </panelcolors>
          </ThemeSpaceGeneric>
        </space>
        <space_list>
          <ThemeSpaceListGeneric
            list="#ffffff"
            list_title="#afafaf"
            list_text="#a7a7a7"
            list_text_hi="#00ffff"
            >
          </ThemeSpaceListGeneric>
        </space_list>
      </ThemeSpreadsheet>
    </spreadsheet>
    <bone_color_sets>
      <ThemeBoneColorSet
        normal="#9a0000"
        select="#bd1111"
        active="#f70a0a"
        show_colored_constraints="FALSE"
        >
      </ThemeBoneColorSet>
      <ThemeBoneColorSet
        normal="#f74018"
        select="#f66913"
        active="#fa9900"
        show_colored_constraints="FALSE"
        >
      </ThemeBoneColorSet>
      <ThemeBoneColorSet
        normal="#1e9109"
        select="#59b70b"
        active="#83ef1d"
        show_colored_constraints="FALSE"
        >
      </ThemeBoneColorSet>
      <ThemeBoneColorSet
        normal="#0a3694"
        select="#3667df"
        active="#5ec1ef"
        show_colored_constraints="FALSE"
        >
      </ThemeBoneColorSet>
      <ThemeBoneColorSet
        normal="#a9294e"
        select="#c1416a"
        active="#f05d91"
        show_colored_constraints="FALSE"
        >
      </ThemeBoneColorSet>
      <ThemeBoneColorSet
        normal="#430c78"
        select="#543aa3"
        active="#8764d5"
        show_colored_constraints="FALSE"
        >
      </ThemeBoneColorSet>
      <ThemeBoneColorSet
        normal="#24785a"
        select="#3c9579"
        active="#6fb6ab"
        show_colored_constraints="FALSE"
        >
      </ThemeBoneColorSet>
      <ThemeBoneColorSet
        normal="#4b707c"
        select="#6a8691"
        active="#9bc2cd"
        show_colored_constraints="FALSE"
        >
      </ThemeBoneColorSet>
      <ThemeBoneColorSet
        normal="#f4c90c"
        select="#eec236"
        active="#f3ff00"
        show_colored_constraints="FALSE"
        >
      </ThemeBoneColorSet>
      <ThemeBoneColorSet
        normal="#1e2024"
        select="#484c56"
        active="#000000"
        show_colored_constraints="FALSE"
        >
      </ThemeBoneColorSet>
      <ThemeBoneColorSet
        normal="#6f2f6a"
        select="#9845be"
        active="#d330d6"
        show_colored_constraints="FALSE"
        >
      </ThemeBoneColorSet>
      <ThemeBoneColorSet
        normal="#6c8e22"
        select="#7fb022"
        active="#bbef5b"
        show_colored_constraints="FALSE"
        >
      </ThemeBoneColorSet>
      <ThemeBoneColorSet
        normal="#8d8d8d"
        select="#b0b0b0"
        active="#dedede"
        show_colored_constraints="FALSE"
        >
      </ThemeBoneColorSet>
      <ThemeBoneColorSet
        normal="#834326"
        select="#8b5811"
        active="#bd6a11"
        show_colored_constraints="FALSE"
        >
      </ThemeBoneColorSet>
      <ThemeBoneColorSet
        normal="#08310e"
        select="#1c430b"
        active="#34622b"
        show_colored_constraints="FALSE"
        >
      </ThemeBoneColorSet>
      <ThemeBoneColorSet
        normal="#000000"
        select="#000000"
        active="#000000"
        show_colored_constraints="FALSE"
        >
      </ThemeBoneColorSet>
      <ThemeBoneColorSet
        normal="#000000"
        select="#000000"
        active="#000000"
        show_colored_constraints="FALSE"
        >
      </ThemeBoneColorSet>
      <ThemeBoneColorSet
        normal="#000000"
        select="#000000"
        active="#000000"
        show_colored_constraints="FALSE"
        >
      </ThemeBoneColorSet>
      <ThemeBoneColorSet
        normal="#000000"
        select="#000000"
        active="#000000"
        show_colored_constraints="FALSE"
        >
      </ThemeBoneColorSet>
      <ThemeBoneColorSet
        normal="#000000"
        select="#000000"
        active="#000000"
        show_colored_constraints="FALSE"
        >
      </ThemeBoneColorSet>
    </bone_color_sets>
    <collection_color>
      <ThemeCollectionColor
        color="#e2605b"
        >
      </ThemeCollectionColor>
      <ThemeCollectionColor
        color="#f1a355"
        >
      </ThemeCollectionColor>
      <ThemeCollectionColor
        color="#f1dc55"
        >
      </ThemeCollectionColor>
      <ThemeCollectionColor
        color="#7bcc7b"
        >
      </ThemeCollectionColor>
      <ThemeCollectionColor
        color="#5db6ea"
        >
      </ThemeCollectionColor>
      <ThemeCollectionColor
        color="#8d59da"
        >
      </ThemeCollectionColor>
      <ThemeCollectionColor
        color="#c673b8"
        >
      </ThemeCollectionColor>
      <ThemeCollectionColor
        color="#7a5441"
        >
      </ThemeCollectionColor>
    </collection_color>
    <strip_color>
      <ThemeStripColor
        color="#e2605b"
        >
      </ThemeStripColor>
      <ThemeStripColor
        color="#f1a355"
        >
      </ThemeStripColor>
      <ThemeStripColor
        color="#f1dc55"
        >
      </ThemeStripColor>
      <ThemeStripColor
        color="#7bcc7b"
        >
      </ThemeStripColor>
      <ThemeStripColor
        color="#5db6ea"
        >
      </ThemeStripColor>
      <ThemeStripColor
        color="#8d59da"
        >
      </ThemeStripColor>
      <ThemeStripColor
        color="#c673b8"
        >
      </ThemeStripColor>
      <ThemeStripColor
        color="#7a5441"
        >
      </ThemeStripColor>
      <ThemeStripColor
        color="#5f5f5f"
        >
      </ThemeStripColor>
    </strip_color>
  </Theme>
  <ThemeStyle>
    <panel_title>
      <ThemeFontStyle
        points="12"
        shadow="0"
        shadow_offset_x="0"
        shadow_offset_y="-1"
        shadow_alpha="0.5"
        shadow_value="0"
        >
      </ThemeFontStyle>
    </panel_title>
    <widget_label>
      <ThemeFontStyle
        points="11"
        shadow="0"
        shadow_offset_x="0"
        shadow_offset_y="-1"
        shadow_alpha="0.5"
        shadow_value="0"
        >
      </ThemeFontStyle>
    </widget_label>
    <widget>
      <ThemeFontStyle
        points="11"
        shadow="0"
        shadow_offset_x="0"
        shadow_offset_y="-1"
        shadow_alpha="0.1"
        shadow_value="1"
        >
      </ThemeFontStyle>
    </widget>
  </ThemeStyle>
</bpy>
