<bpy>
  <Theme>
    <user_interface>
      <ThemeUserInterface
        menu_shadow_fac="0.536367"
        menu_shadow_width="0"
        icon_alpha="0.8"
        icon_saturation="1"
        widget_emboss="#66666605"
        editor_outline="#bebebe"
        widget_text_cursor="#3399e6"
        panel_roundness="0.4"
        transparent_checker_primary="#706e6d"
        transparent_checker_secondary="#575352"
        transparent_checker_size="12"
        axis_x="#e20004"
        axis_y="#17a035"
        axis_z="#474eaf"
        gizmo_hi="#ffffff"
        gizmo_primary="#2b00f5"
        gizmo_secondary="#63ffff"
        gizmo_view_align="#ffffff"
        gizmo_a="#4da84d"
        gizmo_b="#b63d3d"
        icon_scene="#000000ff"
        icon_collection="#006b0aff"
        icon_object="#000000ff"
        icon_object_data="#313131ff"
        icon_modifier="#252525ff"
        icon_shading="#452cacff"
        icon_folder="#e3c16eff"
        icon_border_intensity="0"
        >
        <wcol_regular>
          <ThemeWidgetColors
            outline="#000000ff"
            inner="#afadadff"
            inner_sel="#ffffffff"
            item="#999999ff"
            text="#080808"
            text_sel="#000000"
            show_shaded="FALSE"
            shadetop="-6"
            shadedown="2"
            roundness="0.692096"
            >
          </ThemeWidgetColors>
        </wcol_regular>
        <wcol_tool>
          <ThemeWidgetColors
            outline="#0c0c0cff"
            inner="#8f8f8fff"
            inner_sel="#f0ffe7ff"
            item="#999999ff"
            text="#000000"
            text_sel="#000000"
            show_shaded="TRUE"
            shadetop="27"
            shadedown="16"
            roundness="0.4"
            >
          </ThemeWidgetColors>
        </wcol_tool>
        <wcol_toolbar_item>
          <ThemeWidgetColors
            outline="#757575ff"
            inner="#aca8a7ff"
            inner_sel="#d8d4d3ff"
            item="#686868ff"
            text="#000000"
            text_sel="#000000"
            show_shaded="TRUE"
            shadetop="0"
            shadedown="-20"
            roundness="0.4"
            >
          </ThemeWidgetColors>
        </wcol_toolbar_item>
        <wcol_radio>
          <ThemeWidgetColors
            outline="#000000ff"
            inner="#999998ff"
            inner_sel="#ffffffff"
            item="#9c9c9cff"
            text="#000000"
            text_sel="#000000"
            show_shaded="FALSE"
            shadetop="-2"
            shadedown="1"
            roundness="0.4"
            >
          </ThemeWidgetColors>
        </wcol_radio>
        <wcol_text>
          <ThemeWidgetColors
            outline="#989594ff"
            inner="#414141ff"
            inner_sel="#414141ff"
            item="#3399ffff"
            text="#ffffff"
            text_sel="#ffffff"
            show_shaded="TRUE"
            shadetop="-2"
            shadedown="0"
            roundness="0.4"
            >
          </ThemeWidgetColors>
        </wcol_text>
        <wcol_option>
          <ThemeWidgetColors
            outline="#383530ff"
            inner="#7d957fff"
            inner_sel="#b4d8b1ff"
            item="#000000ff"
            text="#4a3b36"
            text_sel="#000000"
            show_shaded="TRUE"
            shadetop="-2"
            shadedown="0"
            roundness="0.4"
            >
          </ThemeWidgetColors>
        </wcol_option>
        <wcol_toggle>
          <ThemeWidgetColors
            outline="#888888ff"
            inner="#aca6a6ff"
            inner_sel="#ffffffff"
            item="#aca8a7ff"
            text="#1c1c1c"
            text_sel="#1a1a1a"
            show_shaded="TRUE"
            shadetop="-3"
            shadedown="0"
            roundness="0.4"
            >
          </ThemeWidgetColors>
        </wcol_toggle>
        <wcol_num>
          <ThemeWidgetColors
            outline="#4b4b4bff"
            inner="#363333ff"
            inner_sel="#363333ff"
            item="#3399ffff"
            text="#ffffff"
            text_sel="#ffffff"
            show_shaded="FALSE"
            shadetop="-5"
            shadedown="5"
            roundness="0.8"
            >
          </ThemeWidgetColors>
        </wcol_num>
        <wcol_numslider>
          <ThemeWidgetColors
            outline="#474747ff"
            inner="#898989ff"
            inner_sel="#3399ffff"
            item="#c8c8c8ff"
            text="#000000"
            text_sel="#000000"
            show_shaded="FALSE"
            shadetop="-5"
            shadedown="5"
            roundness="0.8"
            >
          </ThemeWidgetColors>
        </wcol_numslider>
        <wcol_box>
          <ThemeWidgetColors
            outline="#8b8b8bff"
            inner="#969594ff"
            inner_sel="#7780aaff"
            item="#bbbbbbff"
            text="#202020"
            text_sel="#ffffff"
            show_shaded="FALSE"
            shadetop="23"
            shadedown="6"
            roundness="0.4"
            >
          </ThemeWidgetColors>
        </wcol_box>
        <wcol_menu>
          <ThemeWidgetColors
            outline="#514f52ff"
            inner="#889399ff"
            inner_sel="#5786acff"
            item="#000000ff"
            text="#000000"
            text_sel="#000000"
            show_shaded="FALSE"
            shadetop="0"
            shadedown="0"
            roundness="0.4"
            >
          </ThemeWidgetColors>
        </wcol_menu>
        <wcol_pulldown>
          <ThemeWidgetColors
            outline="#474747ff"
            inner="#a1a1a1ff"
            inner_sel="#aaa8a6ff"
            item="#ccccccff"
            text="#000000"
            text_sel="#ffffff"
            show_shaded="FALSE"
            shadetop="25"
            shadedown="-20"
            roundness="0.4"
            >
          </ThemeWidgetColors>
        </wcol_pulldown>
        <wcol_menu_back>
          <ThemeWidgetColors
            outline="#474747ff"
            inner="#b6b6b6ff"
            inner_sel="#a8a8a8ff"
            item="#ccccccff"
            text="#000000"
            text_sel="#000000"
            show_shaded="FALSE"
            shadetop="0"
            shadedown="0"
            roundness="0.4"
            >
          </ThemeWidgetColors>
        </wcol_menu_back>
        <wcol_pie_menu>
          <ThemeWidgetColors
            outline="#0a0a0aff"
            inner="#969291ff"
            inner_sel="#4f89caff"
            item="#f5f8ffff"
            text="#000000"
            text_sel="#000000"
            show_shaded="FALSE"
            shadetop="10"
            shadedown="-10"
            roundness="0.4"
            >
          </ThemeWidgetColors>
        </wcol_pie_menu>
        <wcol_tooltip>
          <ThemeWidgetColors
            outline="#a29b7fff"
            inner="#fff0cce6"
            inner_sel="#2d2d2de6"
            item="#000000ff"
            text="#000000"
            text_sel="#8d612c"
            show_shaded="FALSE"
            shadetop="25"
            shadedown="-20"
            roundness="0.4"
            >
          </ThemeWidgetColors>
        </wcol_tooltip>
        <wcol_menu_item>
          <ThemeWidgetColors
            outline="#47474700"
            inner="#00000000"
            inner_sel="#0078d7ff"
            item="#000000ff"
            text="#000000"
            text_sel="#ffffff"
            show_shaded="FALSE"
            shadetop="-10"
            shadedown="10"
            roundness="0.4"
            >
          </ThemeWidgetColors>
        </wcol_menu_item>
        <wcol_scroll>
          <ThemeWidgetColors
            outline="#82807fff"
            inner="#928c8bff"
            inner_sel="#aaa8a6ff"
            item="#9a9794ff"
            text="#000000"
            text_sel="#ffffff"
            show_shaded="TRUE"
            shadetop="4"
            shadedown="-5"
            roundness="1"
            >
          </ThemeWidgetColors>
        </wcol_scroll>
        <wcol_progress>
          <ThemeWidgetColors
            outline="#474747ff"
            inner="#aaa8a6ff"
            inner_sel="#aaa8a6ff"
            item="#96c78eff"
            text="#000000"
            text_sel="#ffffff"
            show_shaded="TRUE"
            shadetop="3"
            shadedown="-3"
            roundness="0.4"
            >
          </ThemeWidgetColors>
        </wcol_progress>
        <wcol_list_item>
          <ThemeWidgetColors
            outline="#adadadff"
            inner="#7f7f7f00"
            inner_sel="#4286ff9a"
            item="#4849ceff"
            text="#000000"
            text_sel="#ffffff"
            show_shaded="FALSE"
            shadetop="0"
            shadedown="0"
            roundness="0.4"
            >
          </ThemeWidgetColors>
        </wcol_list_item>
        <wcol_state>
          <ThemeWidgetStateColors
            inner_anim="#c9b200"
            inner_anim_sel="#7a8d7f"
            inner_key="#9e575a"
            inner_key_sel="#7c241a"
            inner_driven="#c69cb1"
            inner_driven_sel="#ecaacd"
            inner_overridden="#19c3c3"
            inner_overridden_sel="#118f8f"
            inner_changed="#cc7529"
            inner_changed_sel="#e6852d"
            blend="1"
            >
          </ThemeWidgetStateColors>
        </wcol_state>
        <wcol_tab>
          <ThemeWidgetColors
            outline="#9f9f9fff"
            inner="#817f8200"
            inner_sel="#bebebeff"
            item="#ffffffff"
            text="#000000"
            text_sel="#000000"
            show_shaded="TRUE"
            shadetop="36"
            shadedown="19"
            roundness="0.4"
            >
          </ThemeWidgetColors>
        </wcol_tab>
      </ThemeUserInterface>
    </user_interface>
    <view_3d>
      <ThemeView3D
        grid="#00000066"
        clipping_border_3d="#313131ff"
        wire="#000000"
        wire_edit="#ffd400"
        edge_width="1"
        gp_vertex="#4e98be"
        gp_vertex_select="#ff8500"
        gp_vertex_size="3"
        text_grease_pencil="#b5e61d"
        object_selected="#64c1ba"
        object_active="#ffffff"
        text_keyframe="#ddd700"
        camera="#160085"
        empty="#000000"
        light="#00000028"
        speaker="#c2e787"
        vertex="#0001a6"
        vertex_select="#ff2100"
        vertex_active="#000000"
        vertex_size="3"
        vertex_bevel="#00a5ff"
        vertex_unreferenced="#000000"
        edge_select="#ffa000"
        edge_mode_select="#ff0000"
        edge_seam="#f0703b"
        edge_sharp="#49a1ec"
        edge_crease="#eb3bdd"
        edge_bevel="#00a5ff"
        edge_facesel="#272727"
        freestyle_edge_mark="#7fff7f"
        face="#90909033"
        face_select="#be77634a"
        face_mode_select="#ff000039"
        face_dot="#52f27e"
        facedot_size="1"
        freestyle_face_mark="#7fff7f33"
        face_retopology="#50c8ff1e"
        face_back="#ff0000b3"
        face_front="#0000ffb3"
        nurb_uline="#a5a5a5"
        nurb_vline="#d77ab1"
        nurb_sel_uline="#ffffff"
        nurb_sel_vline="#f090a0"
        act_spline="#95daa0"
        handle_free="#c6c6c6"
        handle_auto="#30b6e5"
        handle_vect="#adafaf"
        handle_sel_vect="#ffffff"
        handle_align="#e277b1"
        handle_sel_free="#f7fffc"
        handle_sel_auto="#ffffff"
        handle_sel_align="#ffffff"
        lastsel_point="#ffffff"
        extra_edge_len="#200000"
        extra_edge_angle="#000000"
        extra_face_angle="#cccccc"
        extra_face_area="#cccccc"
        editmesh_active="#ff0008ff"
        normal="#9cfcc8"
        vertex_normal="#68a1db"
        split_normal="#dd23dd"
        bone_pose="#00a199"
        bone_pose_active="#8cffff"
        bone_solid="#006200"
        bone_locked_weight="#ff000080"
        bundle_solid="#c9c9c9"
        camera_path="#000000"
        camera_passepartout="#000000"
        skin_root="#000000"
        view_overlay="#afafaf"
        transform="#66caff"
        frame_current="#53c03b"
        paint_curve_handle="#7fff7f7f"
        paint_curve_pivot="#ff7f7f7f"
        outline_width="1"
        object_origin_size="6"
        >
        <space>
          <ThemeSpaceGradient
            title="#ffffff"
            text="#ffffff"
            text_hi="#ffffff"
            header="#acacac00"
            header_text="#000000"
            header_text_hi="#ffffff"
            button="#aca8a700"
            button_title="#000000"
            button_text="#222222"
            button_text_hi="#000000"
            navigation_bar="#00000000"
            execution_buts="#00000000"
            tab_active="#c5c1bf"
            tab_inactive="#8b8484"
            tab_back="#745970ff"
            tab_outline="#0e0c0eff"
            >
            <gradients>
              <ThemeGradientColors
                background_type="SINGLE_COLOR"
                high_gradient="#7f7f7f"
                gradient="#a3a3a3"
                >
              </ThemeGradientColors>
            </gradients>
            <panelcolors>
              <ThemePanelColors
                header="#8b6985ff"
                back="#f5ecec99"
                sub_back="#a19fb19a"
                >
              </ThemePanelColors>
            </panelcolors>
          </ThemeSpaceGradient>
        </space>
        <asset_shelf>
          <ThemeAssetShelf
            header_back="#1d1d1dff"
            back="#303030ff"
            >
          </ThemeAssetShelf>
        </asset_shelf>
      </ThemeView3D>
    </view_3d>
    <graph_editor>
      <ThemeGraphEditor
        grid="#918d8c"
        frame_current="#be1000"
        time_scrub_background="#292929e6"
        time_marker_line="#00000060"
        time_marker_line_selected="#ffffff60"
        window_sliders="#4d4d4d"
        channels_region="#aaaaaa"
        dopesheet_channel="#90aa8d"
        dopesheet_subchannel="#bdc096"
        channel_group="#818286"
        active_channels_group="#c2c3ca"
        preview_range="#00234c66"
        vertex="#000000"
        vertex_select="#ff1c00"
        vertex_active="#ffffff"
        vertex_size="8"
        vertex_bevel="#000000"
        vertex_unreferenced="#000000"
        handle_free="#ffffff"
        handle_auto="#696969"
        handle_vect="#191919"
        handle_sel_vect="#ffecd7"
        handle_align="#1d1d1d"
        handle_sel_free="#e7ec00"
        handle_sel_auto="#ffffff"
        handle_sel_align="#f3de00"
        handle_auto_clamped="#000000"
        handle_sel_auto_clamped="#000000"
        lastsel_point="#000000"
        handle_vertex="#525252"
        handle_vertex_select="#f1f1f1"
        handle_vertex_size="6"
        >
        <space>
          <ThemeSpaceGeneric
            back="#aca8a7"
            title="#000000"
            text="#a6a6a6"
            text_hi="#ffffff"
            header="#aca8a7ff"
            header_text="#000000"
            header_text_hi="#ffffff"
            button="#aca9a8ff"
            button_title="#0e0e0e"
            button_text="#222222"
            button_text_hi="#000000"
            navigation_bar="#00000000"
            execution_buts="#00000000"
            tab_active="#aca8a7"
            tab_inactive="#bfbfbf"
            tab_back="#bfbfbfff"
            tab_outline="#d1cccbff"
            >
            <panelcolors>
              <ThemePanelColors
                header="#00000004"
                back="#72727280"
                sub_back="#0000003e"
                >
              </ThemePanelColors>
            </panelcolors>
          </ThemeSpaceGeneric>
        </space>
        <space_list>
          <ThemeSpaceListGeneric
            list="#aaa8a6"
            list_title="#676767"
            list_text="#222222"
            list_text_hi="#ff3100"
            >
          </ThemeSpaceListGeneric>
        </space_list>
      </ThemeGraphEditor>
    </graph_editor>
    <file_browser>
      <ThemeFileBrowser
        selected_file="#0078d7"
        row_alternate="#ffffff00"
        >
        <space>
          <ThemeSpaceGeneric
            back="#aca8a7"
            title="#1300aa"
            text="#222222"
            text_hi="#ebebeb"
            header="#6c7285ff"
            header_text="#a7a7a7"
            header_text_hi="#b8b8b8"
            button="#a7a2a4ff"
            button_title="#1b1b1b"
            button_text="#144b00"
            button_text_hi="#000000"
            navigation_bar="#00000023"
            execution_buts="#444444ff"
            tab_active="#928a8a"
            tab_inactive="#a5a5a5"
            tab_back="#86898dff"
            tab_outline="#d1cccbff"
            >
            <panelcolors>
              <ThemePanelColors
                header="#d1cccb0c"
                back="#8686867e"
                sub_back="#0000003e"
                >
              </ThemePanelColors>
            </panelcolors>
          </ThemeSpaceGeneric>
        </space>
      </ThemeFileBrowser>
    </file_browser>
    <nla_editor>
      <ThemeNLAEditor
        grid="#918d8c"
        view_sliders="#b5b5b5"
        dopesheet_channel="#b0b1b1"
        nla_track="#9ab49d"
        active_action="#bdc09600"
        active_action_unset="#8d898f45"
        preview_range="#00234c66"
        strips="#569b6f"
        strips_selected="#61ae7d"
        transition_strips="#b67aff"
        transition_strips_selected="#bd2cff"
        meta_strips="#00880e"
        meta_strips_selected="#78b463"
        sound_strips="#a59c61"
        sound_strips_selected="#b2aa8f"
        tweak="#aa86a7"
        tweak_duplicate="#6258ba"
        keyframe_border="#e7eaa7ff"
        keyframe_border_selected="#ffffffff"
        frame_current="#a71100"
        time_scrub_background="#292929e6"
        time_marker_line="#00000060"
        time_marker_line_selected="#ffffff60"
        >
        <space>
          <ThemeSpaceGeneric
            back="#aca8a7"
            title="#000000"
            text="#a6a6a6"
            text_hi="#ffffff"
            header="#aca8a7ff"
            header_text="#a3a3a3"
            header_text_hi="#cccccc"
            button="#aca8a7ff"
            button_title="#000000"
            button_text="#000000"
            button_text_hi="#000000"
            navigation_bar="#00000000"
            execution_buts="#00000000"
            tab_active="#aca8a7"
            tab_inactive="#bfbfbf"
            tab_back="#bfbfbfff"
            tab_outline="#ded8d7ff"
            >
            <panelcolors>
              <ThemePanelColors
                header="#00000000"
                back="#72727200"
                sub_back="#0000003e"
                >
              </ThemePanelColors>
            </panelcolors>
          </ThemeSpaceGeneric>
        </space>
        <space_list>
          <ThemeSpaceListGeneric
            list="#aca8a7"
            list_title="#000000"
            list_text="#000000"
            list_text_hi="#000000"
            >
          </ThemeSpaceListGeneric>
        </space_list>
      </ThemeNLAEditor>
    </nla_editor>
    <dopesheet_editor>
      <ThemeDopeSheet
        grid="#7f7f7f"
        frame_current="#902119"
        time_scrub_background="#80808080"
        time_marker_line="#14141460"
        time_marker_line_selected="#ffffff60"
        value_sliders="#141414"
        view_sliders="#4c4c4c"
        dopesheet_channel="#ac844940"
        dopesheet_subchannel="#bdc09624"
        channels="#9c9793ff"
        channels_selected="#e7b53044"
        channel_group="#6f889eff"
        active_channels_group="#7f94a555"
        long_key="#00000080"
        long_key_selected="#fffd00cc"
        keyframe="#bfd39d"
        keyframe_selected="#800000"
        keyframe_extreme="#e8b3cc"
        keyframe_extreme_selected="#f28080"
        keyframe_breakdown="#b3dbe8"
        keyframe_breakdown_selected="#54bfed"
        keyframe_jitter="#ace493"
        keyframe_jitter_selected="#61c042"
        keyframe_movehold="#5c5656"
        keyframe_movehold_selected="#ffaf23"
        keyframe_border="#00000080"
        keyframe_border_selected="#000000ff"
        keyframe_scale_factor="1"
        summary="#afa99ab8"
        preview_range="#00234c66"
        interpolation_line="#94e575cc"
        simulated_frames="#721e65ff"
        >
        <space>
          <ThemeSpaceGeneric
            back="#aca8a7"
            title="#ffffff"
            text="#222222"
            text_hi="#ffffff"
            header="#aca8a7ff"
            header_text="#000000"
            header_text_hi="#ffffff"
            button="#aca8a7ff"
            button_title="#000000"
            button_text="#111111"
            button_text_hi="#000000"
            navigation_bar="#00000000"
            execution_buts="#00000000"
            tab_active="#aca8a7"
            tab_inactive="#bfbfbf"
            tab_back="#bfbfbfff"
            tab_outline="#d1cccbff"
            >
            <panelcolors>
              <ThemePanelColors
                header="#00000004"
                back="#77777780"
                sub_back="#0000003e"
                >
              </ThemePanelColors>
            </panelcolors>
          </ThemeSpaceGeneric>
        </space>
        <space_list>
          <ThemeSpaceListGeneric
            list="#99989a"
            list_title="#cccccc"
            list_text="#000000"
            list_text_hi="#d31e10"
            >
          </ThemeSpaceListGeneric>
        </space_list>
      </ThemeDopeSheet>
    </dopesheet_editor>
    <image_editor>
      <ThemeImageEditor
        grid="#505050ff"
        vertex="#000afa"
        vertex_select="#a00200"
        vertex_active="#000000"
        vertex_size="3"
        vertex_bevel="#000000"
        vertex_unreferenced="#000000"
        face="#00000032"
        face_select="#ff00004b"
        face_dot="#ffffff"
        facedot_size="2"
        freestyle_face_mark="#00000000"
        face_retopology="#50c8ff1e"
        face_back="#00000000"
        face_front="#00000000"
        editmesh_active="#00ff7580"
        wire_edit="#d3d600"
        edge_width="1"
        edge_select="#ffe800"
        scope_back="#aca8a7ff"
        preview_stitch_face="#3639ae26"
        preview_stitch_edge="#ff8500b2"
        preview_stitch_vert="#ff85007f"
        preview_stitch_stitchable="#00ff00ff"
        preview_stitch_unstitchable="#ff0000ff"
        preview_stitch_active="#e1d2c323"
        uv_shadow="#707070ff"
        frame_current="#60c040"
        metadatabg="#000000"
        metadatatext="#ffffff"
        handle_free="#000000"
        handle_auto="#909000"
        handle_align="#803060"
        handle_sel_free="#000000"
        handle_sel_auto="#f0ff40"
        handle_sel_align="#f090a0"
        handle_auto_clamped="#000000"
        handle_sel_auto_clamped="#000000"
        handle_vertex="#000000"
        handle_vertex_select="#ffff00"
        handle_vertex_size="5"
        paint_curve_handle="#7fff7f7f"
        paint_curve_pivot="#ff7f7f7f"
        >
        <space>
          <ThemeSpaceGeneric
            back="#aca8a7"
            title="#000000"
            text="#ffffff"
            text_hi="#ffffff"
            header="#aca8a7ff"
            header_text="#000000"
            header_text_hi="#ffffff"
            button="#aca8a7ff"
            button_title="#383838"
            button_text="#222222"
            button_text_hi="#000000"
            navigation_bar="#00000000"
            execution_buts="#00000000"
            tab_active="#aca8a7"
            tab_inactive="#bfbfbf"
            tab_back="#bfbfbfff"
            tab_outline="#d1cccbff"
            >
            <panelcolors>
              <ThemePanelColors
                header="#00000004"
                back="#72727280"
                sub_back="#0000003e"
                >
              </ThemePanelColors>
            </panelcolors>
          </ThemeSpaceGeneric>
        </space>
      </ThemeImageEditor>
    </image_editor>
    <sequence_editor>
      <ThemeSequenceEditor
        grid="#525252"
        window_sliders="#777777"
        movie_strip="#87a4c3"
        movieclip_strip="#95add0"
        image_strip="#b18c6b"
        scene_strip="#91b1a0"
        audio_strip="#a5a490"
        effect_strip="#be8c76"
        transition_strip="#50458f"
        color_strip="#8f8f8f"
        meta_strip="#91918d"
        mask_strip="#666666"
        text_strip="#a29700"
        active_strip="#d9d9d9"
        selected_strip="#ff8f0d"
        frame_current="#be1000"
        time_scrub_background="#292929e6"
        time_marker_line="#00000060"
        time_marker_line_selected="#ffffff60"
        keyframe="#ffeb89"
        draw_action="#50c8ff"
        preview_back="#000000"
        metadatabg="#000000"
        metadatatext="#ffffff"
        preview_range="#00234c66"
        row_alternate="#ffffff0d"
        >
        <space>
          <ThemeSpaceGeneric
            back="#aca8a7"
            title="#000000"
            text="#a6a6a6"
            text_hi="#ffffff"
            header="#aca8a7ff"
            header_text="#a3a3a3"
            header_text_hi="#ffffff"
            button="#aca8a7ff"
            button_title="#111111"
            button_text="#111111"
            button_text_hi="#000000"
            navigation_bar="#00000000"
            execution_buts="#00000000"
            tab_active="#aca8a7"
            tab_inactive="#bfbfbf"
            tab_back="#bfbfbfff"
            tab_outline="#d1cccbff"
            >
            <panelcolors>
              <ThemePanelColors
                header="#00000004"
                back="#72727280"
                sub_back="#0000003e"
                >
              </ThemePanelColors>
            </panelcolors>
          </ThemeSpaceGeneric>
        </space>
        <space_list>
          <ThemeSpaceListGeneric
            list="#404040"
            list_title="#e4e4e4"
            list_text="#e4e4e4"
            list_text_hi="#e4e4e4"
            >
          </ThemeSpaceListGeneric>
        </space_list>
      </ThemeSequenceEditor>
    </sequence_editor>
    <properties>
      <ThemeProperties
        match="#5680c2"
        active_modifier="#5680c2ff"
        >
        <space>
          <ThemeSpaceGeneric
            back="#b4b2b0"
            title="#222222"
            text="#222222"
            text_hi="#ffffff"
            header="#8c98a1ff"
            header_text="#272727"
            header_text_hi="#000000"
            button="#79767aff"
            button_title="#4c4c4c"
            button_text="#222222"
            button_text_hi="#000000"
            navigation_bar="#9f9f9fff"
            execution_buts="#00000000"
            tab_active="#9e9d9f"
            tab_inactive="#888888"
            tab_back="#929292ff"
            tab_outline="#918f8eff"
            >
            <panelcolors>
              <ThemePanelColors
                header="#9f9f9fff"
                back="#cccccc00"
                sub_back="#00000000"
                >
              </ThemePanelColors>
            </panelcolors>
          </ThemeSpaceGeneric>
        </space>
      </ThemeProperties>
    </properties>
    <text_editor>
      <ThemeTextEditor
        line_numbers="#000000"
        line_numbers_background="#909090"
        selected_text="#c0c0c0"
        cursor="#000000"
        syntax_builtin="#001fb2"
        syntax_symbols="#4c4c4c"
        syntax_special="#ca0c97"
        syntax_preprocessor="#32008c"
        syntax_reserved="#8c3c00"
        syntax_comment="#535353"
        syntax_string="#c31736"
        syntax_numbers="#b62440"
        >
        <space>
          <ThemeSpaceGeneric
            back="#ffffff"
            title="#000000"
            text="#222222"
            text_hi="#ffffff"
            header="#aca8a700"
            header_text="#000000"
            header_text_hi="#ffffff"
            button="#aca8a7ff"
            button_title="#222222"
            button_text="#333333"
            button_text_hi="#000000"
            navigation_bar="#00000000"
            execution_buts="#00000000"
            tab_active="#aca8a7"
            tab_inactive="#bfbfbf"
            tab_back="#bfbfbfff"
            tab_outline="#d1cccbff"
            >
            <panelcolors>
              <ThemePanelColors
                header="#00000004"
                back="#72727280"
                sub_back="#0000003e"
                >
              </ThemePanelColors>
            </panelcolors>
          </ThemeSpaceGeneric>
        </space>
      </ThemeTextEditor>
    </text_editor>
    <node_editor>
      <ThemeNodeEditor
        grid="#929292"
        node_selected="#ffffff"
        node_active="#63ff00"
        wire="#222222ff"
        wire_inner="#727371"
        wire_select="#ffffffb3"
        selected_text="#ffffff"
        node_backdrop="#d4d4d4ff"
        converter_node="#56b68b"
        color_node="#94b6a7"
        group_node="#aca8a7"
        group_socket_node="#79bef2"
        frame_node="#d3cecdff"
        matte_node="#79f2a0"
        distor_node="#eef279"
        noodle_curving="0"
        grid_levels="3"
        dash_alpha="0.5"
        input_node="#ee8513"
        output_node="#ff8b00"
        filter_node="#ff0000"
        vector_node="#94b6a7"
        texture_node="#ee7402"
        shader_node="#94b6a7"
        script_node="#f2b077"
        pattern_node="#a67c49"
        layout_node="#000000"
        geometry_node="#5bf1cd"
        attribute_node="#9dbaf5"
        simulation_zone="#66416233"
        repeat_zone="#76512f33"
        >
        <space>
          <ThemeSpaceGeneric
            back="#aca8a7"
            title="#a3a3a3"
            text="#222222"
            text_hi="#ffffff"
            header="#aca8a7ff"
            header_text="#333333"
            header_text_hi="#ffffff"
            button="#aca8a7ff"
            button_title="#222222"
            button_text="#222222"
            button_text_hi="#000000"
            navigation_bar="#00000000"
            execution_buts="#00000000"
            tab_active="#aca8a7"
            tab_inactive="#bfbfbf"
            tab_back="#bfbfbfff"
            tab_outline="#d1cccbff"
            >
            <panelcolors>
              <ThemePanelColors
                header="#00000004"
                back="#72727280"
                sub_back="#0000003e"
                >
              </ThemePanelColors>
            </panelcolors>
          </ThemeSpaceGeneric>
        </space>
        <space_list>
          <ThemeSpaceListGeneric
            list="#4d4d4d"
            list_title="#383838"
            list_text="#676767"
            list_text_hi="#ffffff"
            >
          </ThemeSpaceListGeneric>
        </space_list>
      </ThemeNodeEditor>
    </node_editor>
    <outliner>
      <ThemeOutliner
        match="#aff193"
        selected_highlight="#9ababe"
        active="#d4d4d4"
        selected_object="#000000"
        active_object="#000000"
        edited_object="#fcbd00ff"
        row_alternate="#ffffff00"
        >
        <space>
          <ThemeSpaceGeneric
            back="#aca8a7"
            title="#ffffff"
            text="#000000"
            text_hi="#ffffff"
            header="#aca8a7ff"
            header_text="#000000"
            header_text_hi="#ffffff"
            button="#aca8a7ff"
            button_title="#0f0f0f"
            button_text="#000000"
            button_text_hi="#000000"
            navigation_bar="#00000000"
            execution_buts="#00000000"
            tab_active="#aca8a7"
            tab_inactive="#bfbfbf"
            tab_back="#bfbfbfff"
            tab_outline="#d1cccbff"
            >
            <panelcolors>
              <ThemePanelColors
                header="#00000004"
                back="#72727280"
                sub_back="#0000003e"
                >
              </ThemePanelColors>
            </panelcolors>
          </ThemeSpaceGeneric>
        </space>
      </ThemeOutliner>
    </outliner>
    <info>
      <ThemeInfo
        info_selected="#6080ff"
        info_selected_text="#ffffff"
        info_error="#ff0600ff"
        info_error_text="#000000"
        info_warning="#dc5435ff"
        info_warning_text="#000000"
        info_info="#70d4ffff"
        info_info_text="#000000"
        info_debug="#c4c4c4ff"
        info_debug_text="#000000"
        info_property="#3ace87ff"
        info_property_text="#ffffff"
        info_operator="#3ace87ff"
        info_operator_text="#ffffff"
        >
        <space>
          <ThemeSpaceGeneric
            back="#aca8a7"
            title="#000000"
            text="#000000"
            text_hi="#ffffff"
            header="#aca8a7ff"
            header_text="#000000"
            header_text_hi="#ffffff"
            button="#aca8a7ff"
            button_title="#000000"
            button_text="#000000"
            button_text_hi="#000000"
            navigation_bar="#00000000"
            execution_buts="#00000000"
            tab_active="#aca8a7"
            tab_inactive="#bfbfbf"
            tab_back="#bfbfbfff"
            tab_outline="#d1cccbff"
            >
            <panelcolors>
              <ThemePanelColors
                header="#00000004"
                back="#72727280"
                sub_back="#0000003e"
                >
              </ThemePanelColors>
            </panelcolors>
          </ThemeSpaceGeneric>
        </space>
      </ThemeInfo>
    </info>
    <preferences>
      <ThemePreferences>
        <space>
          <ThemeSpaceGeneric
            back="#bbbab9"
            title="#222222"
            text="#000000"
            text_hi="#ffffff"
            header="#aca8a7ff"
            header_text="#000000"
            header_text_hi="#ffffff"
            button="#acacacff"
            button_title="#000000"
            button_text="#000000"
            button_text_hi="#000000"
            navigation_bar="#bbbab9ff"
            execution_buts="#4b4b4bff"
            tab_active="#a7a7a6"
            tab_inactive="#969696"
            tab_back="#96969eff"
            tab_outline="#d1cccbff"
            >
            <panelcolors>
              <ThemePanelColors
                header="#00000004"
                back="#b2b2b254"
                sub_back="#4747473e"
                >
              </ThemePanelColors>
            </panelcolors>
          </ThemeSpaceGeneric>
        </space>
      </ThemePreferences>
    </preferences>
    <console>
      <ThemeConsole
        line_output="#6080ff"
        line_input="#ffffff"
        line_info="#00aa00"
        line_error="#dc3a77"
        cursor="#9cfcc8"
        select="#ffffff30"
        >
        <space>
          <ThemeSpaceGeneric
            back="#0c0c0c"
            title="#000000"
            text="#000000"
            text_hi="#ffffff"
            header="#aca8a7ff"
            header_text="#000000"
            header_text_hi="#ffffff"
            button="#4d4d4dff"
            button_title="#131313"
            button_text="#131313"
            button_text_hi="#000000"
            navigation_bar="#00000000"
            execution_buts="#00000000"
            tab_active="#aca8a7"
            tab_inactive="#bfbfbf"
            tab_back="#bfbfbfff"
            tab_outline="#d1cccbff"
            >
            <panelcolors>
              <ThemePanelColors
                header="#00000004"
                back="#72727280"
                sub_back="#0000003e"
                >
              </ThemePanelColors>
            </panelcolors>
          </ThemeSpaceGeneric>
        </space>
      </ThemeConsole>
    </console>
    <clip_editor>
      <ThemeClipEditor
        grid="#52525266"
        marker_outline="#000000"
        marker="#71cd7f"
        active_marker="#ffffff"
        selected_marker="#ff2f7a"
        disabled_marker="#b54636"
        locked_marker="#7f7f7f"
        path_before="#22d8d1"
        path_after="#5a7575"
        path_keyframe_before="#ffc4c4"
        path_keyframe_after="#c4c4ff"
        frame_current="#f06868"
        time_scrub_background="#292929e6"
        time_marker_line="#00000060"
        time_marker_line_selected="#ffffff60"
        strips="#0c0a0a"
        strips_selected="#ff8c00"
        metadatabg="#000000"
        metadatatext="#ffffff"
        handle_free="#000000"
        handle_auto="#909000"
        handle_align="#803060"
        handle_sel_free="#000000"
        handle_sel_auto="#f0ff40"
        handle_sel_align="#f090a0"
        handle_auto_clamped="#000000"
        handle_sel_auto_clamped="#000000"
        handle_vertex="#000000"
        handle_vertex_select="#ffff00"
        handle_vertex_size="5"
        >
        <space>
          <ThemeSpaceGeneric
            back="#aca8a7"
            title="#1a1a1a"
            text="#a6a6a6"
            text_hi="#ffffff"
            header="#aca8a7ff"
            header_text="#000000"
            header_text_hi="#ffffff"
            button="#aca8a7ff"
            button_title="#222222"
            button_text="#222222"
            button_text_hi="#000000"
            navigation_bar="#00000000"
            execution_buts="#00000000"
            tab_active="#aca8a7"
            tab_inactive="#bfbfbf"
            tab_back="#bfbfbfff"
            tab_outline="#d1cccbff"
            >
            <panelcolors>
              <ThemePanelColors
                header="#00000004"
                back="#72727280"
                sub_back="#0000003e"
                >
              </ThemePanelColors>
            </panelcolors>
          </ThemeSpaceGeneric>
        </space>
        <space_list>
          <ThemeSpaceListGeneric
            list="#666666"
            list_title="#000000"
            list_text="#000000"
            list_text_hi="#ffffff"
            >
          </ThemeSpaceListGeneric>
        </space_list>
      </ThemeClipEditor>
    </clip_editor>
    <topbar>
      <ThemeTopBar>
        <space>
          <ThemeSpaceGeneric
            back="#bbbfbc"
            title="#ffffff"
            text="#6e6e6e"
            text_hi="#ffffff"
            header="#a8a8a8ff"
            header_text="#ffffff"
            header_text_hi="#fafafa"
            button="#213142ff"
            button_title="#ffffff"
            button_text="#c5c5c5"
            button_text_hi="#000000"
            navigation_bar="#00000000"
            execution_buts="#00000000"
            tab_active="#c2bfbf"
            tab_inactive="#aba8a6"
            tab_back="#888888ff"
            tab_outline="#313131ff"
            >
            <panelcolors>
              <ThemePanelColors
                header="#3d3d3dcc"
                back="#383838b3"
                sub_back="#0000003e"
                >
              </ThemePanelColors>
            </panelcolors>
          </ThemeSpaceGeneric>
        </space>
      </ThemeTopBar>
    </topbar>
    <statusbar>
      <ThemeStatusBar>
        <space>
          <ThemeSpaceGeneric
            back="#2e2e2e"
            title="#ffffff"
            text="#363636"
            text_hi="#ffffff"
            header="#000000ff"
            header_text="#ffffff"
            header_text_hi="#ffffff"
            button="#353535ff"
            button_title="#000000"
            button_text="#000000"
            button_text_hi="#000000"
            navigation_bar="#00000000"
            execution_buts="#00000000"
            tab_active="#4b4b4b"
            tab_inactive="#2b2b2b"
            tab_back="#232323ff"
            tab_outline="#232323ff"
            >
            <panelcolors>
              <ThemePanelColors
                header="#424242cc"
                back="#333333b3"
                sub_back="#0000003e"
                >
              </ThemePanelColors>
            </panelcolors>
          </ThemeSpaceGeneric>
        </space>
      </ThemeStatusBar>
    </statusbar>
    <spreadsheet>
      <ThemeSpreadsheet
        row_alternate="#00000007"
        >
        <space>
          <ThemeSpaceGeneric
            back="#aca8a7"
            title="#ffffff"
            text="#000000"
            text_hi="#ffffff"
            header="#acacacff"
            header_text="#000000"
            header_text_hi="#ffffff"
            button="#9f9f9fff"
            button_title="#ffffff"
            button_text="#000000"
            button_text_hi="#ffffff"
            navigation_bar="#00000000"
            execution_buts="#00000000"
            tab_active="#4b4b4b"
            tab_inactive="#2b2b2b"
            tab_back="#232323ff"
            tab_outline="#232323ff"
            >
            <panelcolors>
              <ThemePanelColors
                header="#8b6985cc"
                back="#b4b2b0b3"
                sub_back="#5353523e"
                >
              </ThemePanelColors>
            </panelcolors>
          </ThemeSpaceGeneric>
        </space>
        <space_list>
          <ThemeSpaceListGeneric
            list="#b4b2b0"
            list_title="#c3c3c3"
            list_text="#c3c3c3"
            list_text_hi="#00ffff"
            >
          </ThemeSpaceListGeneric>
        </space_list>
      </ThemeSpreadsheet>
    </spreadsheet>
    <bone_color_sets>
      <ThemeBoneColorSet
        normal="#9a0000"
        select="#bd1111"
        active="#f70a0a"
        show_colored_constraints="FALSE"
        >
      </ThemeBoneColorSet>
      <ThemeBoneColorSet
        normal="#f74018"
        select="#f66913"
        active="#fa9900"
        show_colored_constraints="FALSE"
        >
      </ThemeBoneColorSet>
      <ThemeBoneColorSet
        normal="#1e9109"
        select="#59b70b"
        active="#83ef1d"
        show_colored_constraints="FALSE"
        >
      </ThemeBoneColorSet>
      <ThemeBoneColorSet
        normal="#0a3694"
        select="#3667df"
        active="#5ec1ef"
        show_colored_constraints="FALSE"
        >
      </ThemeBoneColorSet>
      <ThemeBoneColorSet
        normal="#a9294e"
        select="#c1416a"
        active="#f05d91"
        show_colored_constraints="FALSE"
        >
      </ThemeBoneColorSet>
      <ThemeBoneColorSet
        normal="#430c78"
        select="#543aa3"
        active="#8764d5"
        show_colored_constraints="FALSE"
        >
      </ThemeBoneColorSet>
      <ThemeBoneColorSet
        normal="#24785a"
        select="#3c9579"
        active="#6fb6ab"
        show_colored_constraints="FALSE"
        >
      </ThemeBoneColorSet>
      <ThemeBoneColorSet
        normal="#4b707c"
        select="#6a8691"
        active="#9bc2cd"
        show_colored_constraints="FALSE"
        >
      </ThemeBoneColorSet>
      <ThemeBoneColorSet
        normal="#f4c90c"
        select="#eec236"
        active="#f3ff00"
        show_colored_constraints="FALSE"
        >
      </ThemeBoneColorSet>
      <ThemeBoneColorSet
        normal="#1e2024"
        select="#484c56"
        active="#ffffff"
        show_colored_constraints="FALSE"
        >
      </ThemeBoneColorSet>
      <ThemeBoneColorSet
        normal="#6f2f6a"
        select="#9845be"
        active="#d330d6"
        show_colored_constraints="FALSE"
        >
      </ThemeBoneColorSet>
      <ThemeBoneColorSet
        normal="#6c8e22"
        select="#7fb022"
        active="#bbef5b"
        show_colored_constraints="FALSE"
        >
      </ThemeBoneColorSet>
      <ThemeBoneColorSet
        normal="#8d8d8d"
        select="#b0b0b0"
        active="#dedede"
        show_colored_constraints="FALSE"
        >
      </ThemeBoneColorSet>
      <ThemeBoneColorSet
        normal="#834326"
        select="#8b5811"
        active="#bd6a11"
        show_colored_constraints="FALSE"
        >
      </ThemeBoneColorSet>
      <ThemeBoneColorSet
        normal="#08310e"
        select="#1c430b"
        active="#34622b"
        show_colored_constraints="FALSE"
        >
      </ThemeBoneColorSet>
      <ThemeBoneColorSet
        normal="#000000"
        select="#000000"
        active="#000000"
        show_colored_constraints="FALSE"
        >
      </ThemeBoneColorSet>
      <ThemeBoneColorSet
        normal="#000000"
        select="#000000"
        active="#000000"
        show_colored_constraints="FALSE"
        >
      </ThemeBoneColorSet>
      <ThemeBoneColorSet
        normal="#000000"
        select="#000000"
        active="#000000"
        show_colored_constraints="FALSE"
        >
      </ThemeBoneColorSet>
      <ThemeBoneColorSet
        normal="#000000"
        select="#000000"
        active="#000000"
        show_colored_constraints="FALSE"
        >
      </ThemeBoneColorSet>
      <ThemeBoneColorSet
        normal="#000000"
        select="#000000"
        active="#000000"
        show_colored_constraints="FALSE"
        >
      </ThemeBoneColorSet>
    </bone_color_sets>
    <collection_color>
      <ThemeCollectionColor
        color="#e2605b"
        >
      </ThemeCollectionColor>
      <ThemeCollectionColor
        color="#f1a355"
        >
      </ThemeCollectionColor>
      <ThemeCollectionColor
        color="#f1dc55"
        >
      </ThemeCollectionColor>
      <ThemeCollectionColor
        color="#7bcc7b"
        >
      </ThemeCollectionColor>
      <ThemeCollectionColor
        color="#5db6ea"
        >
      </ThemeCollectionColor>
      <ThemeCollectionColor
        color="#8d59da"
        >
      </ThemeCollectionColor>
      <ThemeCollectionColor
        color="#c673b8"
        >
      </ThemeCollectionColor>
      <ThemeCollectionColor
        color="#7a5441"
        >
      </ThemeCollectionColor>
    </collection_color>
    <strip_color>
      <ThemeStripColor
        color="#e2605b"
        >
      </ThemeStripColor>
      <ThemeStripColor
        color="#f1a355"
        >
      </ThemeStripColor>
      <ThemeStripColor
        color="#f1dc55"
        >
      </ThemeStripColor>
      <ThemeStripColor
        color="#7bcc7b"
        >
      </ThemeStripColor>
      <ThemeStripColor
        color="#5db6ea"
        >
      </ThemeStripColor>
      <ThemeStripColor
        color="#8d59da"
        >
      </ThemeStripColor>
      <ThemeStripColor
        color="#c673b8"
        >
      </ThemeStripColor>
      <ThemeStripColor
        color="#7a5441"
        >
      </ThemeStripColor>
      <ThemeStripColor
        color="#5f5f5f"
        >
      </ThemeStripColor>
    </strip_color>
  </Theme>
  <ThemeStyle>
    <panel_title>
      <ThemeFontStyle
        points="12"
        shadow="2"
        shadow_offset_x="0"
        shadow_offset_y="-1"
        shadow_alpha="0"
        shadow_value="1"
        >
      </ThemeFontStyle>
    </panel_title>
    <widget_label>
      <ThemeFontStyle
        points="11"
        shadow="3"
        shadow_offset_x="0"
        shadow_offset_y="-1"
        shadow_alpha="0"
        shadow_value="1"
        >
      </ThemeFontStyle>
    </widget_label>
    <widget>
      <ThemeFontStyle
        points="11"
        shadow="0"
        shadow_offset_x="0"
        shadow_offset_y="0"
        shadow_alpha="0"
        shadow_value="0"
        >
      </ThemeFontStyle>
    </widget>
  </ThemeStyle>
</bpy>
